scenario,year,pattern,model_count,mean_temp_c,mean_temp_p10_c,mean_temp_p90_c,baseline_temp_c,annual_temp_increase_c_mean,annual_temp_increase_c_p10,annual_temp_increase_c_p90
ssp126,2026,Pattern 1,31,17.52110403523977,16.881396656282625,18.15854732001205,17.200822110462592,0.3202819247771772,-0.31942545417996726,0.9577252095494586
ssp126,2026,Pattern 2,31,18.29429141107495,17.641174586379385,18.930940395425523,17.971706861349187,0.322584549725764,-0.3305322749698014,0.9592335340763363
ssp126,2026,Pattern 3,31,16.437771047912456,15.810160665154733,17.074141960003022,16.11738071504211,0.3203903328703463,-0.30722004988737694,0.9567612449609122
ssp126,2027,Pattern 1,31,17.538453078830653,16.94267399088503,17.87840811647167,17.200822110462592,0.3376309683680574,-0.25814811957756234,0.6775860060090793
ssp126,2027,Pattern 2,31,18.31388844062437,17.715251249034566,18.658896748048083,17.971706861349187,0.3421815792751826,-0.2564556123146211,0.6871898866988957
ssp126,2027,Pattern 3,31,16.45266131126335,15.878352320257754,16.776092896544167,16.11738071504211,0.3352805962212389,-0.23902839478435567,0.6587121815020573
ssp126,2028,Pattern 1,31,17.73876091964617,17.15832066435976,18.371832413875467,17.200822110462592,0.537938809183579,-0.042501446102832574,1.1710103034128743
ssp126,2028,Pattern 2,31,18.515525747959632,17.93825633725567,19.14933609528439,17.971706861349187,0.5438188866104465,-0.03345052409351723,1.1776292339352032
ssp126,2028,Pattern 3,31,16.64849418367319,16.065982897957877,17.27917503697676,16.11738071504211,0.5311134686310793,-0.051397817084232855,1.16179432193465
ssp126,2029,Pattern 1,31,17.57666117695934,16.589499105335264,18.32915787825256,17.200822110462592,0.3758390664967494,-0.6113230051273284,1.1283357677899666
ssp126,2029,Pattern 2,31,18.351337497745522,17.372619748555653,19.109923479296167,17.971706861349187,0.3796306363963367,-0.5990871127935335,1.1382166179469806
ssp126,2029,Pattern 3,31,16.49000481040737,15.512507868188266,17.21720014973831,16.11738071504211,0.3726240953652613,-0.6048728468538442,1.099819434696201
ssp126,2030,Pattern 1,31,17.656561622272026,16.928526930245603,18.408347170858587,17.200822110462592,0.4557395118094333,-0.2722951802169895,1.2075250603959944
ssp126,2030,Pattern 2,31,18.431481905225045,17.693227119279605,19.182342209715543,17.971706861349187,0.4597750438758595,-0.2784797420695817,1.2106353483663561
ssp126,2030,Pattern 3,31,16.571873744986334,15.863610638466639,17.324732068723524,16.11738071504211,0.4544930299442248,-0.2537700765754707,1.207351353681414
ssp126,2031,Pattern 1,31,17.7091575992819,17.104970342988132,18.324521909097346,17.200822110462592,0.5083354888193106,-0.09585176747446056,1.1236997986347532
ssp126,2031,Pattern 2,31,18.485472865718723,17.88344809481417,19.09270252387741,17.971706861349187,0.5137660043695366,-0.08825876653501652,1.1209956625282231
ssp126,2031,Pattern 3,31,16.62097161776561,16.013290357423017,17.249202331833033,16.11738071504211,0.5035909027235,-0.1040903576190928,1.1318216167909227
ssp126,2032,Pattern 1,31,17.913385881673218,17.170370629139956,18.7623276083396,17.200822110462592,0.7125637712106273,-0.030451481322636198,1.5615054978770075
ssp126,2032,Pattern 2,31,18.68762677817287,17.951953474016456,19.543070481906753,17.971706861349187,0.7159199168236817,-0.01975338733273091,1.571363620557566
ssp126,2032,Pattern 3,31,16.823932620416862,16.08820372842463,17.65111380808872,16.11738071504211,0.7065519053747551,-0.029176986617478917,1.5337330930466102
ssp126,2033,Pattern 1,31,17.850218889517215,17.043200983459286,18.595803536398613,17.200822110462592,0.6493967790546228,-0.15762112700330633,1.3949814259360203
ssp126,2033,Pattern 2,31,18.625743154882375,17.82425959522544,19.36888330009147,17.971706861349187,0.6540362935331893,-0.14744726612374848,1.3971764387422816
ssp126,2033,Pattern 3,31,16.76279829744852,15.95272054796923,17.51227729025289,16.11738071504211,0.6454175824064106,-0.16466016707287956,1.3948965752107796
ssp126,2034,Pattern 1,31,17.877943064686654,16.923745059207008,18.465460443783044,17.200822110462592,0.6771209542240624,-0.2770770512555849,1.2646383333204518
ssp126,2034,Pattern 2,31,18.65543690386652,17.705086830032624,19.278109385081166,17.971706861349187,0.6837300425173304,-0.2666200313165632,1.306402523731979
ssp126,2034,Pattern 3,31,16.78294162378218,15.828371678745606,17.2955507716467,16.11738071504211,0.6655609087400661,-0.28900903629650365,1.1781700566045892
ssp126,2035,Pattern 1,31,18.02247482578621,17.42946922796011,18.57429210650584,17.200822110462592,0.8216527153236219,0.2286471174975162,1.373469996043248
ssp126,2035,Pattern 2,31,18.797241104877305,18.211587470496255,19.350933030445997,17.971706861349187,0.8255342435281158,0.2398806091470682,1.3792261690968104
ssp126,2035,Pattern 3,31,16.936078105244743,16.343150951085512,17.499255228706424,16.11738071504211,0.8186973902026334,0.2257702360434024,1.3818745136643145
ssp126,2036,Pattern 1,31,18.060018248471433,17.453134885186063,18.893432841785806,17.200822110462592,0.8591961380088387,0.252312774723471,1.6926107313232137
ssp126,2036,Pattern 2,31,18.833266398095372,18.226917292777948,19.66992842168735,17.971706861349187,0.8615595367461845,0.2552104314287611,1.6982215603381619
ssp126,2036,Pattern 3,31,16.968623981061203,16.373946642661558,17.7610217710505,16.11738071504211,0.8512432660190936,0.2565659276194481,1.6436410560083914
ssp126,2037,Pattern 1,31,17.870888349948487,17.367625537902487,18.55683191603217,17.200822110462592,0.6700662394858943,0.16680342743989485,1.3560098055695775
ssp126,2037,Pattern 2,31,18.644891859145186,18.13719826645389,19.333727680790634,17.971706861349187,0.6731849977959997,0.16549140510470295,1.3620208194414474
ssp126,2037,Pattern 3,31,16.783382405515113,16.289086971217408,17.4710226253469,16.11738071504211,0.6660016904730031,0.17170625617529822,1.3536419103047912
ssp126,2038,Pattern 1,31,18.10593088583781,17.30698651141857,18.806070107029548,17.200822110462592,0.9051087753752198,0.10616440095597923,1.6052479965669555
ssp126,2038,Pattern 2,31,18.881578943781374,18.071733882003887,19.581328209198354,17.971706861349187,0.909872082432187,0.10002702065470004,1.609621347849167
ssp126,2038,Pattern 3,31,17.01083780963024,16.250013843746387,17.68383202562533,16.11738071504211,0.8934570945881267,0.13263312870427768,1.5664513105832185
ssp126,2039,Pattern 1,31,18.04804212289653,17.20697813699049,19.075195219818085,17.200822110462592,0.8472200124339366,0.0061560265278970405,1.874373109355492
ssp126,2039,Pattern 2,31,18.821117285958525,17.98049536673253,19.85590497396541,17.971706861349187,0.8494104246093396,0.008788505383343193,1.8841981126162217
ssp126,2039,Pattern 3,31,16.963131330974647,16.12822355898859,17.974662905030126,16.11738071504211,0.8457506159325389,0.01084284394648094,1.857282189988016
ssp126,2040,Pattern 1,31,17.97085629888726,17.168349030717504,18.759429261858777,17.200822110462592,0.7700341884246665,-0.032473079745088285,1.5586071513961848
ssp126,2040,Pattern 2,31,18.745155801115274,17.945763480377117,19.526181852057167,17.971706861349187,0.7734489397660862,-0.02594338097206972,1.5544749907079805
ssp126,2040,Pattern 3,31,16.88423207364802,16.086808912199793,17.692857579998,16.11738071504211,0.766851358605909,-0.030571802842317197,1.575476864955892
ssp126,2041,Pattern 1,31,17.99467167933173,17.170783835292344,18.57695079765543,17.200822110462592,0.793849568869139,-0.030038275170248596,1.376128687192839
ssp126,2041,Pattern 2,31,18.766915064590744,17.94751311761005,19.359518607874985,17.971706861349187,0.7952082032415569,-0.02419374373913641,1.3878117465257986
ssp126,2041,Pattern 3,31,16.90273963650777,16.089141072313616,17.457932715310687,16.11738071504211,0.7853589214656614,-0.028239642728493664,1.340552000268577
ssp126,2042,Pattern 1,31,18.113592939367386,17.50065688727905,18.76783520892044,17.200822110462592,0.9127708289047917,0.2998347768164571,1.5670130984578492
ssp126,2042,Pattern 2,31,18.888838411729896,18.26870568155612,19.54969095978446,17.971706861349187,0.9171315503807074,0.2969988202069338,1.577984098435273
ssp126,2042,Pattern 3,31,17.02085691643807,16.406866612893545,17.65941129405355,16.11738071504211,0.9034762013959601,0.28948589785143497,1.542030579011442
ssp126,2043,Pattern 1,31,18.281106000933576,17.4590235026818,18.949665613979644,17.200822110462592,1.080283890470984,0.2582013922192061,1.748843503517051
ssp126,2043,Pattern 2,31,19.05748677654555,18.228752263502585,19.72652327184509,17.971706861349187,1.0857799151963585,0.25704540215339833,1.754816410495902
ssp126,2043,Pattern 3,31,17.18746284801104,16.368171756462363,17.855363589730445,16.11738071504211,1.070082132968932,0.25079104142025344,1.7379828746883348
ssp126,2044,Pattern 1,31,18.12560673630184,17.56434268960787,18.722809984644393,17.200822110462592,0.9247846258392463,0.3635205791452769,1.5219878741818
ssp126,2044,Pattern 2,31,18.900096108431622,18.333695412876118,19.506544602918137,17.971706861349187,0.928389247082437,0.361988551526931,1.5348377415689498
ssp126,2044,Pattern 3,31,17.03473315211353,16.493933085683405,17.610025922956456,16.11738071504211,0.9173524370714226,0.37655237064129565,1.4926452079143466
ssp126,2045,Pattern 1,31,18.335663982170246,17.532593720110857,18.925231172374552,17.200822110462592,1.134841871707655,0.33177160964826413,1.7244090619119596
ssp126,2045,Pattern 2,31,19.110794909162255,18.320379318574403,19.6954147929537,17.971706861349187,1.1390880478130685,0.34867245722521645,1.7237079316045119
ssp126,2045,Pattern 3,31,17.240327674198554,16.41814302347472,17.843955998059137,16.11738071504211,1.122946959156445,0.30076230843260987,1.7265752830170271
ssp126,2046,Pattern 1,31,18.310462609706654,17.41899540911832,19.216089425194244,17.200822110462592,1.1096404992440614,0.21817329865572788,2.015267314731652
ssp126,2046,Pattern 2,31,19.084591979702477,18.186108703975496,19.99548862800681,17.971706861349187,1.1128851183532897,0.2144018426263088,2.023781766657624
ssp126,2046,Pattern 3,31,17.22328125980803,16.36686723497348,18.138226946599108,16.11738071504211,1.1059005447659198,0.24948651993137005,2.020846231556998
ssp126,2047,Pattern 1,31,18.221291010964432,17.571405563979404,19.23955080284818,17.200822110462592,1.0204689005018392,0.37058345351681155,2.038728692385586
ssp126,2047,Pattern 2,31,18.99347521274699,18.337747126251585,20.011377315034043,17.971706861349187,1.0217683513978055,0.3660402649023986,2.039670453684856
ssp126,2047,Pattern 3,31,17.13551998042046,16.483781640112934,18.155043214210096,16.11738071504211,1.018139265378352,0.366400925070824,2.037662499167986
ssp126,2048,Pattern 1,31,18.256287021192566,17.56281862590916,19.356426833537256,17.200822110462592,1.0554649107299758,0.36199651544656675,2.1556047230746636
ssp126,2048,Pattern 2,31,19.03275381819847,18.33661245229835,20.13959302679473,17.971706861349187,1.0610469568492817,0.36490559094916364,2.1678861654455446
ssp126,2048,Pattern 3,31,17.165408444003674,16.4869253861414,18.272142822282557,16.11738071504211,1.048027728961563,0.3695446710992911,2.1547621072404475
ssp126,2049,Pattern 1,31,18.339184634368728,17.485147649733058,19.416850115872922,17.200822110462592,1.1383625239061341,0.28432553927046555,2.2160280054103296
ssp126,2049,Pattern 2,31,19.11564444767829,18.26260075055176,20.196483489589315,17.971706861349187,1.1439375863291017,0.29089388920257164,2.2247766282401287
ssp126,2049,Pattern 3,31,17.246332414903705,16.411023415659443,18.30321792956005,16.11738071504211,1.128951699861594,0.2936427006173332,2.1858372145179388
ssp126,2050,Pattern 1,31,18.295069625825302,17.553905455627913,19.257658930193156,17.200822110462592,1.0942475153627114,0.35308334516532014,2.056836819730563
ssp126,2050,Pattern 2,31,19.06810655584975,18.33099802554292,20.0271950570339,17.971706861349187,1.0963996945005605,0.35929116419373486,2.0554881956847133
ssp126,2050,Pattern 3,31,17.207373988296784,16.456550482027232,18.128633977419412,16.11738071504211,1.089993273254673,0.3391697669851226,2.011253262377302
ssp126,2051,Pattern 1,31,18.2723967730061,17.432610103460696,19.302520545700233,17.200822110462592,1.0715746625435079,0.23178799299810393,2.1016984352376404
ssp126,2051,Pattern 2,31,19.04618567631933,18.20808530949725,20.09570179450645,17.971706861349187,1.0744788149701423,0.23637844814806286,2.123994933157263
ssp126,2051,Pattern 3,31,17.18248539062722,16.352442984575696,18.16710694474794,16.11738071504211,1.0651046755851097,0.23506226953358578,2.049726229705829
ssp126,2052,Pattern 1,31,18.27067793487105,17.538786585632735,19.193137506658154,17.200822110462592,1.0698558244084555,0.3379644751701427,1.9923153961955613
ssp126,2052,Pattern 2,31,19.045690159208913,18.306448964976045,19.966041293875534,17.971706861349187,1.0739832978597275,0.3347421036268585,1.9943344325263475
ssp126,2052,Pattern 3,31,17.182091522632874,16.46902338919672,18.116640157102808,16.11738071504211,1.064710807590764,0.35164267415461126,1.9992594420606977
ssp126,2053,Pattern 1,31,18.30665485249637,17.365768114871532,19.284063227016567,17.200822110462592,1.1058327420337755,0.16494600440893947,2.0832411165539746
ssp126,2053,Pattern 2,31,19.080280872491727,18.151684050621512,20.058887086437664,17.971706861349187,1.1085740111425417,0.17997718927232498,2.0871802250884777
ssp126,2053,Pattern 3,31,17.21784656625221,16.271360872989646,18.203687719458273,16.11738071504211,1.1004658512101009,0.1539801579475366,2.086307004416163
ssp126,2054,Pattern 1,31,18.370022984577723,17.636738562561995,19.035888092450396,17.200822110462592,1.169200874115129,0.4359164520994021,1.8350659819878032
ssp126,2054,Pattern 2,31,19.144579122281627,18.405022108928982,19.816698133537244,17.971706861349187,1.172872260932443,0.4333152475797952,1.8449912721880573
ssp126,2054,Pattern 3,31,17.282205344192725,16.58040766570921,17.95360592217475,16.11738071504211,1.1648246291506166,0.46302695066709987,1.8362252071326388
ssp126,2055,Pattern 1,31,18.408959718770372,17.585850021053748,19.645221180049745,17.200822110462592,1.2081376083077813,0.3850279105911554,2.4443990695871527
ssp126,2055,Pattern 2,31,19.18311997022543,18.347916345241366,20.425088947128234,17.971706861349187,1.2114131088762417,0.376209483892179,2.4533820857790474
ssp126,2055,Pattern 3,31,17.320483388401996,16.50866043809407,18.527382413996595,16.11738071504211,1.2031026733598893,0.3912797230519587,2.410001698954485
ssp126,2056,Pattern 1,31,18.414279733953908,17.632835232720026,19.2556172494695,17.200822110462592,1.2134576234913153,0.43201312225743393,2.054795139006906
ssp126,2056,Pattern 2,31,19.18982582395214,18.413380533933232,20.03512765797415,17.971706861349187,1.2181189626029572,0.4416736725840451,2.063420796624964
ssp126,2056,Pattern 3,31,17.32233696563295,16.53158741161262,18.143127404567608,16.11738071504211,1.2049562505908373,0.4142066965705098,2.025746689525498
ssp126,2057,Pattern 1,31,18.528926141101504,17.875698066049978,19.53739018370989,17.200822110462592,1.3281040306389116,0.6748759555873853,2.336568073247296
ssp126,2057,Pattern 2,31,19.303459530400893,18.65175101717531,20.31963660331531,17.971706861349187,1.3317526690517043,0.6800441558261241,2.347929741966123
ssp126,2057,Pattern 3,31,17.440342186671586,16.808577293994023,18.404803079337878,16.11738071504211,1.3229614716294764,0.6911965789519137,2.287422364295768
ssp126,2058,Pattern 1,31,18.581018279285253,17.912216068307952,19.541111299091668,17.200822110462592,1.3801961688226614,0.7113939578453596,2.3402891886290753
ssp126,2058,Pattern 2,31,19.3577643609971,18.682102862669915,20.326633333636973,17.971706861349187,1.3860574996479134,0.7103960013207278,2.3549264722877865
ssp126,2058,Pattern 3,31,17.483544763388114,16.830751808410415,18.416110770950436,16.11738071504211,1.3661640483460045,0.7133710933683055,2.298730055908326
ssp126,2059,Pattern 1,31,18.49309765192546,17.66614493724371,19.46554686474512,17.200822110462592,1.2922755414628653,0.4653228267811187,2.264724754282529
ssp126,2059,Pattern 2,31,19.269007784391306,18.452911504602213,20.241180432598888,17.971706861349187,1.2973009230421206,0.4812046432530259,2.2694735712497014
ssp126,2059,Pattern 3,31,17.400203737924357,16.56834653960982,18.387331825714085,16.11738071504211,1.2828230228822484,0.45096582456771017,2.2699511106719754
ssp126,2060,Pattern 1,31,18.4860954752751,17.5351942499352,19.616147013887513,17.200822110462592,1.2852733648125063,0.334372139472606,2.4153249034249207
ssp126,2060,Pattern 2,31,19.260622520025382,18.30826029300775,20.388363960445712,17.971706861349187,1.2889156586761945,0.33655343165856166,2.4166570990965255
ssp126,2060,Pattern 3,31,17.39603251574058,16.460002206987177,18.518469932018373,16.11738071504211,1.2786518006984688,0.3426214919450672,2.4010892169762634
ssp126,2061,Pattern 1,31,18.488980409211102,17.916717053375557,19.45453014743178,17.200822110462592,1.28815829874851,0.7158949429129642,2.2537080369691864
ssp126,2061,Pattern 2,31,19.26317117278225,18.674198012100995,20.227919159878542,17.971706861349187,1.2914643114330662,0.7024911507518077,2.2562122985293556
ssp126,2061,Pattern 3,31,17.396790801929775,16.85300817046356,18.36215107224245,16.11738071504211,1.2794100868876646,0.7356274554214508,2.2447703572003412
ssp126,2062,Pattern 1,31,18.479458193484543,17.279174432144316,19.387563515816684,17.200822110462592,1.2786360830219492,0.07835232168172368,2.1867414053540912
ssp126,2062,Pattern 2,31,19.252179996550662,18.05068274234342,20.17368755029006,17.971706861349187,1.2804731352014755,0.07897588099423203,2.201980688940875
ssp126,2062,Pattern 3,31,17.394460534506134,16.238059425408917,18.283583663120897,16.11738071504211,1.2770798194640227,0.120678710366807,2.166202948078787
ssp126,2063,Pattern 1,31,18.52285748152477,17.678316184014427,19.47681936765044,17.200822110462592,1.3220353710621782,0.47749407355183493,2.2759972571878464
ssp126,2063,Pattern 2,31,19.295074750782398,18.444495458544015,20.25396481043348,17.971706861349187,1.3233678894332117,0.47278859719482824,2.2822579490842934
ssp126,2063,Pattern 3,31,17.43949683368441,16.62152270310863,18.394282974359506,16.11738071504211,1.322116118642297,0.5041419880665217,2.2769022593173958
ssp126,2064,Pattern 1,31,18.31654362726864,17.69219046796269,19.307250730602096,17.200822110462592,1.1157215168060475,0.49136835750009666,2.1064286201395035
ssp126,2064,Pattern 2,31,19.088188585087767,18.46542996668806,20.07851603246199,17.971706861349187,1.1164817237385816,0.49372310533887287,2.106809171112804
ssp126,2064,Pattern 3,31,17.23144619563483,16.6109375436888,18.232460363331636,16.11738071504211,1.1140654805927213,0.4935568286466889,2.1150796482895267
ssp126,2065,Pattern 1,31,18.311429847110958,17.49248636991286,19.27752291140083,17.200822110462592,1.110607736648364,0.2916642594502683,2.0767008009382373
ssp126,2065,Pattern 2,31,19.084042774332822,18.268138973394766,20.046838936168566,17.971706861349187,1.1123359129836357,0.2964321120455793,2.075132074819379
ssp126,2065,Pattern 3,31,17.22640240934274,16.391866138242413,18.177053840077342,16.11738071504211,1.1090216943006281,0.27448542320030356,2.059673125035232
ssp126,2066,Pattern 1,31,18.383541419133948,17.82867095582925,19.220490498721507,17.200822110462592,1.1827193086713534,0.6278488453666569,2.019668388258914
ssp126,2066,Pattern 2,31,19.156795288787254,18.59821090506301,19.985411677121842,17.971706861349187,1.1850884274380664,0.6265040437138225,2.0137048157726554
ssp126,2066,Pattern 3,31,17.30353059892186,16.737963127321606,18.135639266143876,16.11738071504211,1.1861498838797497,0.6205824122794965,2.0182585511017663
ssp126,2067,Pattern 1,31,18.501967254994124,17.753725979249786,19.25262727982466,17.200822110462592,1.3011451445315307,0.5529038687871939,2.051805169362069
ssp126,2067,Pattern 2,31,19.275792013267075,18.525480397134334,20.016363428730294,17.971706861349187,1.3040851519178895,0.5537735357851474,2.0446565673811072
ssp126,2067,Pattern 3,31,17.41712929619882,16.656908990687246,18.1635668435202,16.11738071504211,1.299748581156709,0.5395282756451358,2.046186128478091
ssp126,2068,Pattern 1,31,18.479088642158626,17.666617866585696,19.363189038933307,17.200822110462592,1.2782665316960324,0.46579575612310364,2.162366928470714
ssp126,2068,Pattern 2,31,19.251565780805755,18.460598748613602,20.133893621165637,17.971706861349187,1.2798589194565662,0.48889188726441546,2.16218675981645
ssp126,2068,Pattern 3,31,17.392828668734065,16.554622044400645,18.279391973818495,16.11738071504211,1.2754479536919563,0.4372413293585353,2.162011258776385
ssp126,2069,Pattern 1,31,18.504485833950547,17.67439167296396,19.42273981226175,17.200822110462592,1.3036637234879551,0.4735695625013676,2.221917701799157
ssp126,2069,Pattern 2,31,19.27687168920372,18.437130727265117,20.200848903252496,17.971706861349187,1.3051648278545334,0.46542386591593043,2.229142041903309
ssp126,2069,Pattern 3,31,17.417486627309106,16.590790153805074,18.34363022870666,16.11738071504211,1.300105912266994,0.47340943876296393,2.226249513664552
ssp126,2070,Pattern 1,31,18.548179590114927,17.71616951751461,19.58932717955989,17.200822110462592,1.347357479652334,0.515347407052019,2.388505069097299
ssp126,2070,Pattern 2,31,19.320522066587813,18.491631983451484,20.365645859578027,17.971706861349187,1.3488152052386235,0.5199251221022969,2.3939389982288404
ssp126,2070,Pattern 3,31,17.46553621009316,16.64999669593228,18.49482877407486,16.11738071504211,1.348155495051047,0.5326159808901707,2.3774480590327514
ssp126,2071,Pattern 1,31,18.298752529763814,17.40846376063175,19.09927939161032,17.200822110462592,1.097930419301224,0.20764165016915825,1.8984572811477278
ssp126,2071,Pattern 2,31,19.07382806600434,18.184457601096764,19.88374892960112,17.971706861349187,1.1021212046551507,0.21275073974757674,1.9120420682519317
ssp126,2071,Pattern 3,31,17.209011750401864,16.31913302228894,18.00427249489226,16.11738071504211,1.0916310353597551,0.20175230724683146,1.8868917798501492
ssp126,2072,Pattern 1,31,18.357282862018987,17.630976756592293,19.335220982889858,17.200822110462592,1.156460751556394,0.4301546461297008,2.1343988724272656
ssp126,2072,Pattern 2,31,19.13156363864095,18.399358119429348,20.11525595079468,17.971706861349187,1.159856777291763,0.4276512580801608,2.143549089445493
ssp126,2072,Pattern 3,31,17.268060704305558,16.55903209226969,18.19946660736009,16.11738071504211,1.150679989263449,0.4416513772275792,2.0820858923179806
ssp126,2073,Pattern 1,31,18.449685712864138,17.524680263156807,19.5568759687159,17.200822110462592,1.2488636024015451,0.32385815269421414,2.3560538582533077
ssp126,2073,Pattern 2,31,19.224576696034273,18.30420059664856,20.3092927601438,17.971706861349187,1.252869834685085,0.3324937352993729,2.3375858987946145
ssp126,2073,Pattern 3,31,17.36266369001353,16.437207200262417,18.497296117064906,16.11738071504211,1.2452829749714227,0.31982648522030743,2.379915402022796
ssp126,2074,Pattern 1,31,18.391454022287874,17.502091801288117,19.49128648074559,17.200822110462592,1.190631911825281,0.30126969082552435,2.290464370282997
ssp126,2074,Pattern 2,31,19.16411294526776,18.26560977798336,20.266431994808304,17.971706861349187,1.1924060839185713,0.293902916634174,2.294725133459117
ssp126,2074,Pattern 3,31,17.30645851979798,16.406441948243145,18.382724329314115,16.11738071504211,1.1890778047558714,0.2890612332010356,2.2653436142720054
ssp126,2075,Pattern 1,31,18.506387102806386,17.61401541143588,19.61739123768162,17.200822110462592,1.3055649923437929,0.4131933009732869,2.4165691272190273
ssp126,2075,Pattern 2,31,19.28006735864359,18.384184657935126,20.393147162470164,17.971706861349187,1.308360497294402,0.4124777965859394,2.4214403011209775
ssp126,2075,Pattern 3,31,17.416614410499417,16.53349279613496,18.49495173307165,16.11738071504211,1.2992336954573063,0.4161120810928516,2.377571018029542
ssp126,2076,Pattern 1,31,18.430700627728708,17.591281418941378,19.17634122682099,17.200822110462592,1.2298785172661177,0.3904593084787855,1.9755191163583987
ssp126,2076,Pattern 2,31,19.20506406352534,18.37979736361773,19.965717392450664,17.971706861349187,1.2333572021761539,0.4080905022685428,1.9940105311014769
ssp126,2076,Pattern 3,31,17.34428957664027,16.49134556617826,18.060956000537093,16.11738071504211,1.2269088615981625,0.37396485113615086,1.9435752854949833
ssp126,2077,Pattern 1,31,18.496703571472217,17.887817832033218,19.48981730689383,17.200822110462592,1.2958814610096219,0.686995721570625,2.2889951964312374
ssp126,2077,Pattern 2,31,19.271337964412332,18.658262373354518,20.26708754627772,17.971706861349187,1.2996311030631462,0.6865555120053308,2.2953806849285314
ssp126,2077,Pattern 3,31,17.41306157919368,16.86373763823698,18.423622820828626,16.11738071504211,1.2956808641515694,0.7463569231948703,2.3062421057865166
ssp126,2078,Pattern 1,31,18.4885692280925,17.39225831512176,19.340185113313236,17.200822110462592,1.2877471176299076,0.1914362046591691,2.1393630028506436
ssp126,2078,Pattern 2,31,19.263802559436,18.164614033700442,20.12363468063497,17.971706861349187,1.2920956980868141,0.19290717235125499,2.1519278192857847
ssp126,2078,Pattern 3,31,17.40255644078051,16.313427829118744,18.226138634947525,16.11738071504211,1.2851757257384044,0.19604711407663444,2.1087579199054147
ssp126,2079,Pattern 1,31,18.582561204598733,17.68259160338324,19.4980040946854,17.200822110462592,1.3817390941361423,0.4817694929206482,2.2971819842228065
ssp126,2079,Pattern 2,31,19.357298423299156,18.453779913254255,20.266962409645647,17.971706861349187,1.3855915619499677,0.48207305190506844,2.29525554829646
ssp126,2079,Pattern 3,31,17.49345937982015,16.600288419760638,18.404474742050233,16.11738071504211,1.3760786647780372,0.48290770471852795,2.2870940270081235
ssp126,2080,Pattern 1,31,18.434992980428543,17.510576155388325,19.372546485793706,17.200822110462592,1.2341708699659493,0.30975404492573233,2.171724375331113
ssp126,2080,Pattern 2,31,19.209026172567704,18.299413715344755,20.15395595030779,17.971706861349187,1.2373193112185155,0.32770685399556854,2.182249088958603
ssp126,2080,Pattern 3,31,17.34695738348322,16.432414937371227,18.21523418592328,16.11738071504211,1.2295766684411078,0.3150342223291176,2.0978534708811694
ssp126,2081,Pattern 1,31,18.469006619830004,17.668095370459884,19.312722386968417,17.200822110462592,1.2681845093674124,0.46727325999729175,2.111900276505825
ssp126,2081,Pattern 2,31,19.244983240525293,18.4274926121878,20.099428062465698,17.971706861349187,1.2732763791761064,0.45578575083861494,2.127721201116511
ssp126,2081,Pattern 3,31,17.37801303552862,16.598100003820473,18.160180217234455,16.11738071504211,1.260632320486512,0.48071928877836356,2.042799502192345
ssp126,2082,Pattern 1,31,18.600043732920565,18.005893046494958,19.295431166552884,17.200822110462592,1.3992216224579712,0.8050709360323651,2.0946090560902917
ssp126,2082,Pattern 2,31,19.373298388057794,18.78463213062411,20.07922670978698,17.971706861349187,1.4015915267086043,0.812925269274924,2.107519848437793
ssp126,2082,Pattern 3,31,17.513698745632713,16.92916825651953,18.212094377704098,16.11738071504211,1.3963180305906007,0.8117875414774218,2.094713662661988
ssp126,2083,Pattern 1,31,18.48546829272236,17.737402792140042,19.698639010920473,17.200822110462592,1.2846461822597688,0.5365806816774494,2.497816900457881
ssp126,2083,Pattern 2,31,19.25792906122965,18.514472750404025,20.465557724994756,17.971706861349187,1.2862221998804633,0.5427658890548379,2.4938508636455694
ssp126,2083,Pattern 3,31,17.395429652685145,16.66199874203502,18.625804622237105,16.11738071504211,1.278048937643036,0.5446180269929108,2.508423907194995
ssp126,2084,Pattern 1,31,18.404179237723962,17.419078845784096,19.86577353281763,17.200822110462592,1.2033571272613717,0.21825673532150347,2.6649514223550383
ssp126,2084,Pattern 2,31,19.177887463453665,18.190190255096233,20.63891977896106,17.971706861349187,1.2061806021044787,0.2184833937470465,2.6672129176118737
ssp126,2084,Pattern 3,31,17.312426699480376,16.323738830218613,18.785343455092473,16.11738071504211,1.1950459844382657,0.20635811517650282,2.6679627400503634
ssp126,2085,Pattern 1,31,18.5344772990208,17.7175555185762,19.368528534578946,17.200822110462592,1.3336551885582077,0.516733408113609,2.1677064241163535
ssp126,2085,Pattern 2,31,19.308608750778752,18.48409639388613,20.14402413397073,17.971706861349187,1.3369018894295666,0.5123895325369432,2.1723172726215445
ssp126,2085,Pattern 3,31,17.44593351571557,16.644772498082716,18.274161417000215,16.11738071504211,1.3285528006734624,0.5273917830406063,2.1567807019581053
ssp126,2086,Pattern 1,31,18.572930351865466,17.630695782714092,19.92060092098037,17.200822110462592,1.3721082414028742,0.42987367225149953,2.719778810517777
ssp126,2086,Pattern 2,31,19.347576544082475,18.411302424980256,20.696321701086422,17.971706861349187,1.3758696827332884,0.43959556363106955,2.724614839737235
ssp126,2086,Pattern 3,31,17.483364915963765,16.54196746612251,18.83626889322708,16.11738071504211,1.3659842009216574,0.4245867510804011,2.7188881781849688
ssp126,2087,Pattern 1,31,18.494552304520045,17.736187590916373,19.5133953343072,17.200822110462592,1.2937301940574513,0.5353654804537804,2.312573223844609
ssp126,2087,Pattern 2,31,19.268202479028133,18.498832828894873,20.28489667749602,17.971706861349187,1.2964956176789484,0.5271259675456861,2.313189816146835
ssp126,2087,Pattern 3,31,17.407896298826266,16.645178532354173,18.43474678847723,16.11738071504211,1.290515583784157,0.527797817312063,2.317366073435121
ssp126,2088,Pattern 1,31,18.413329313618313,17.440754454832103,19.34713947593964,17.200822110462592,1.2125072031557211,0.23993234436951028,2.1463173654770458
ssp126,2088,Pattern 2,31,19.188321407706347,18.20577224944353,20.12173426291125,17.971706861349187,1.2166145463571594,0.23406538809434352,2.1500274015620633
ssp126,2088,Pattern 3,31,17.321595493593872,16.376736326122337,18.244711695263323,16.11738071504211,1.2042147785517598,0.25935561108022753,2.1273309802212133
ssp126,2089,Pattern 1,31,18.415794633847163,17.5818952642497,19.762847479133963,17.200822110462592,1.21497252338457,0.3810731537871064,2.562025368671371
ssp126,2089,Pattern 2,31,19.194189016068528,18.36162620501469,20.542204402148688,17.971706861349187,1.2224821547193405,0.38991934366550396,2.5704975407995008
ssp126,2089,Pattern 3,31,17.317653159521708,16.47228457866482,18.633137193217337,16.11738071504211,1.2002724444795987,0.35490386362270954,2.515756478175227
ssp126,2090,Pattern 1,31,18.54876965086131,17.747645504259484,19.402956114389916,17.200822110462592,1.3479475403987147,0.5468233937968918,2.2021340039273234
ssp126,2090,Pattern 2,31,19.32320585485578,18.522562591676206,20.171389382108725,17.971706861349187,1.3514989935065893,0.5508557303270187,2.199682520759538
ssp126,2090,Pattern 3,31,17.455735356957767,16.673765109841057,18.300875978579132,16.11738071504211,1.3383546419156551,0.5563843947989469,2.183495263537022
ssp126,2091,Pattern 1,31,18.32359202571134,17.637096856419614,18.99620763767093,17.200822110462592,1.1227699152487445,0.43627474595702154,1.7953855272083388
ssp126,2091,Pattern 2,31,19.097097826257556,18.403662151888692,19.777293776847124,17.971706861349187,1.1253909649083667,0.43195529053950565,1.805586915497937
ssp126,2091,Pattern 3,31,17.23303593816947,16.57112256021506,17.88184289099608,16.11738071504211,1.1156552231273595,0.45374184517294935,1.7644621759539696
ssp126,2092,Pattern 1,31,18.309267578467328,17.49455765260646,19.122118931944453,17.200822110462592,1.1084454680047333,0.29373554214386743,1.9212968214818602
ssp126,2092,Pattern 2,31,19.08416840353328,18.269535499271036,19.899464201375412,17.971706861349187,1.112461542184096,0.29782863792184955,1.9277573400262256
ssp126,2092,Pattern 3,31,17.22013570471207,16.39909429665092,18.027201057591864,16.11738071504211,1.1027549896699587,0.281713581608809,1.9098203425497537
ssp126,2093,Pattern 1,31,18.433012511620383,17.71524208259005,19.484690429404367,17.200822110462592,1.2321904011577915,0.514419972127456,2.2838683189417743
ssp126,2093,Pattern 2,31,19.209382222469106,18.49106151522951,20.267907735513976,17.971706861349187,1.2376753611199194,0.519354653880324,2.2962008741647892
ssp126,2093,Pattern 3,31,17.337648738304033,16.620414320549894,18.347515945040815,16.11738071504211,1.220268023261926,0.5030336055077846,2.230135229998705
ssp126,2094,Pattern 1,31,18.47922705977712,17.738947679805037,19.249882733007993,17.200822110462592,1.2784049493145275,0.5381255693424443,2.049060622545401
ssp126,2094,Pattern 2,31,19.25337383009473,18.51688871792318,20.02562739931464,17.971706861349187,1.2816669687455444,0.5451818565739934,2.0539205379654533
ssp126,2094,Pattern 3,31,17.392046207757932,16.656381590063653,18.141962735078245,16.11738071504211,1.274665492715823,0.5390008750215429,2.024582020036135
ssp126,2095,Pattern 1,31,18.335816677737803,17.608139820195344,19.38216247715261,17.200822110462592,1.1349945672752078,0.4073177097327516,2.1813403666900193
ssp126,2095,Pattern 2,31,19.10864829419801,18.382107455234763,20.149854917142367,17.971706861349187,1.1369414328488217,0.41040059388557637,2.17814805579318
ssp126,2095,Pattern 3,31,17.25303118380832,16.528425207734294,18.29687350630168,16.11738071504211,1.1356504687662135,0.41104449269218435,2.1794927912595696
ssp126,2096,Pattern 1,31,18.358708288912787,17.253494762766632,19.32904332979136,17.200822110462592,1.1578861784501935,0.0526726523040395,2.1282212193287684
ssp126,2096,Pattern 2,31,19.133458988838562,18.029661954831358,20.111573110530692,17.971706861349187,1.1617521274893734,0.057955093482171094,2.1398662491815053
ssp126,2096,Pattern 3,31,17.265426907491797,16.192816818114068,18.230456974563026,16.11738071504211,1.1480461924496876,0.07543610307195792,2.1130762595209163
ssp126,2097,Pattern 1,31,18.333754599286554,17.518341644028045,19.590374236174764,17.200822110462592,1.1329324888239622,0.31751953356545215,2.3895521257121715
ssp126,2097,Pattern 2,31,19.108015680794008,18.272388971729534,20.35046499064003,17.971706861349187,1.1363088194448214,0.30068211038034676,2.378758129290844
ssp126,2097,Pattern 3,31,17.241906984109196,16.478604477686314,18.455049121599306,16.11738071504211,1.1245262690670885,0.3612237626442045,2.3376684065571958
ssp126,2098,Pattern 1,31,18.507452611920858,17.661483750384704,19.73018304452515,17.200822110462592,1.3066305014582646,0.46066163992211173,2.529360934062556
ssp126,2098,Pattern 2,31,19.281108247898636,18.433883904936675,20.508720309792533,17.971706861349187,1.3094013865494498,0.4621770435874879,2.5370134484433464
ssp126,2098,Pattern 3,31,17.417314714451198,16.58833586505513,18.637379707156537,16.11738071504211,1.2999339994090862,0.4709551500130189,2.5199989921144272
ssp126,2099,Pattern 1,31,18.368104038523033,17.39021102984824,19.575879602671836,17.200822110462592,1.1672819280604403,0.18938891938564595,2.375057492209244
ssp126,2099,Pattern 2,31,19.141318546339015,18.172565246941904,20.34041946363956,17.971706861349187,1.169611684989828,0.20085838559271707,2.3687126022903726
ssp126,2099,Pattern 3,31,17.280484275367794,16.30102041266883,18.527154062282307,16.11738071504211,1.1631035603256827,0.18363969762672028,2.409773347240197
ssp126,2100,Pattern 1,30,18.413662596152356,17.378833957782653,19.244220603991536,17.200822110462592,1.2128404856897634,0.17801184732006095,2.043398493528943
ssp126,2100,Pattern 2,30,19.186669931388828,18.16707373213388,20.026199175101283,17.971706861349187,1.2149630700396377,0.19536687078469125,2.054492313752096
ssp126,2100,Pattern 3,30,17.32825039979048,16.277294892614005,18.176480427070945,16.11738071504211,1.2108696847483706,0.15991417757189413,2.059099712028837
ssp585,2026,Pattern 1,33,17.544960070426903,17.012444299446823,18.129422084726535,17.200822110462592,0.3441379599643115,-0.18837781101576923,0.9285999742639419
ssp585,2026,Pattern 2,33,18.321172203251567,17.78245014548108,18.89522740984771,17.971706861349187,0.34946534190237905,-0.18925671586810963,0.9235205484985216
ssp585,2026,Pattern 3,33,16.455907132668493,15.948999414052716,17.01931778044044,16.11738071504211,0.33852641762638214,-0.16838130098939386,0.9019370653983302
ssp585,2027,Pattern 1,33,17.661663521817935,17.041784342102446,18.40096822081577,17.200822110462592,0.46084141135534157,-0.15903776836014671,1.200146110353179
ssp585,2027,Pattern 2,33,18.43538278986723,17.813734705859673,19.183693251135754,17.971706861349187,0.4636759285180462,-0.157972155489513,1.2119863897865666
ssp585,2027,Pattern 3,33,16.571899967808566,15.948438150121026,17.29749769183964,16.11738071504211,0.45451925276645666,-0.1689425649210843,1.1801169767975306
ssp585,2028,Pattern 1,33,17.638518896140504,17.295411987995916,17.999588821326814,17.200822110462592,0.43769678567790976,0.0945898775333248,0.7987667108642199
ssp585,2028,Pattern 2,33,18.414160958916547,18.076367440699592,18.75515692576745,17.971706861349187,0.44245409756735915,0.10466057935040639,0.783450064418264
ssp585,2028,Pattern 3,33,16.54827132601192,16.20587522038692,16.906343575442865,16.11738071504211,0.43089061096981013,0.08849450534480924,0.7889628604007548
ssp585,2029,Pattern 1,33,17.73789093878073,16.823486417337357,18.607059974641164,17.200822110462592,0.5370688283181382,-0.3773356931252344,1.4062378641785713
ssp585,2029,Pattern 2,33,18.513622034362495,17.601993700435273,19.38752084906604,17.971706861349187,0.5419151730133067,-0.3697131609139127,1.415813987716853
ssp585,2029,Pattern 3,33,16.649135783309244,15.746013956468799,17.520790669839354,16.11738071504211,0.531755068267133,-0.37136675857331014,1.4034099547972445
ssp585,2030,Pattern 1,33,17.77540145192129,17.11813730733051,18.44853225885867,17.200822110462592,0.5745793414586984,-0.08268480313208285,1.247710148396076
ssp585,2030,Pattern 2,33,18.55099398846758,17.894139475383746,19.240531781737232,17.971706861349187,0.579287127118393,-0.07756738596544038,1.268824920388044
ssp585,2030,Pattern 3,33,16.688042447165344,16.026433178552033,17.35095336905795,16.11738071504211,0.5706617321232337,-0.09094753649007783,1.2335726540158412
ssp585,2031,Pattern 1,33,17.92452011259969,17.187875648211126,18.638969162752197,17.200822110462592,0.7236980021370982,-0.012946462251466775,1.4381470522896038
ssp585,2031,Pattern 2,33,18.701301328736633,17.9562984875233,19.428912995365973,17.971706861349187,0.7295944673874492,-0.015408373825889745,1.4572061340167872
ssp585,2031,Pattern 3,33,16.834906323558208,16.13616808233556,17.507245744899826,16.11738071504211,0.7175256085161003,0.018787367293447238,1.3898650298577182
ssp585,2032,Pattern 1,33,17.91955989881496,17.15132566165234,18.767867520970718,17.200822110462592,0.7187377883523699,-0.049496448810251774,1.5670454105081268
ssp585,2032,Pattern 2,33,18.69548318764913,17.923711790742907,19.550734364440963,17.971706861349187,0.7237763262999426,-0.04799507060628086,1.5790275030917769
ssp585,2032,Pattern 3,33,16.834199922095035,16.074598963128093,17.673915563971395,16.11738071504211,0.7168192070529271,-0.042781751914016994,1.5565348489292865
ssp585,2033,Pattern 1,33,17.98954403505658,17.32688997581995,18.943592958004064,17.200822110462592,0.7887219245939887,0.12606786535735498,1.7427708475414727
ssp585,2033,Pattern 2,33,18.765040164395504,18.10165277522061,19.719215999669682,17.971706861349187,0.7933333030463164,0.12994591387142268,1.7475091383204941
ssp585,2033,Pattern 3,33,16.900807325651144,16.229240024088163,17.838454066101146,16.11738071504211,0.783426610609034,0.11185930904605218,1.7210733510590381
ssp585,2034,Pattern 1,33,17.98159052474126,17.347431697179655,18.498033183980507,17.200822110462592,0.7807684142786697,0.14660958671706087,1.2972110735179143
ssp585,2034,Pattern 2,33,18.757877841477903,18.117321086101946,19.27809416057886,17.971706861349187,0.7861709801287151,0.1456142247527588,1.3063872992296743
ssp585,2034,Pattern 3,33,16.8947908359824,16.295453014759346,17.37788491012896,16.11738071504211,0.7774101209402875,0.17807229971723687,1.2605041950868483
ssp585,2035,Pattern 1,33,18.068122297950058,17.431734888037596,18.714047304724897,17.200822110462592,0.8673001874874651,0.23091277757500353,1.513225194262305
ssp585,2035,Pattern 2,33,18.845703822582813,18.21121815100619,19.500821954267067,17.971706861349187,0.8739969612336234,0.23951128965700336,1.5291150929178805
ssp585,2035,Pattern 3,33,16.981100415965667,16.35681276776327,17.616365484646536,16.11738071504211,0.8637197009235589,0.23943205272115836,1.4989847696044258
ssp585,2036,Pattern 1,33,17.97762453738831,17.259019951548026,18.87073857762899,17.200822110462592,0.7768024269257163,0.05819784108543402,1.6699164671664002
ssp585,2036,Pattern 2,33,18.753056113957555,18.034393318890064,19.647447591708193,17.971706861349187,0.7813492526083679,0.06268645754087884,1.6757407303590073
ssp585,2036,Pattern 3,33,16.889026826904907,16.175847305523043,17.783260144480852,16.11738071504211,0.7716461118627981,0.05846659048093131,1.665879429438742
ssp585,2037,Pattern 1,33,18.245055233464857,17.677530166639045,18.830919046340725,17.200822110462592,1.0442331230022666,0.476708056176453,1.6300969358781316
ssp585,2037,Pattern 2,33,19.020231940422782,18.451574391095342,19.61159429460988,17.971706861349187,1.0485250790735976,0.47986752974615643,1.6398874332606923
ssp585,2037,Pattern 3,33,17.157189058503437,16.605229983909993,17.725433985338753,16.11738071504211,1.0398083434613277,0.48784926886788255,1.6080532702966437
ssp585,2038,Pattern 1,33,18.454956195628615,17.74475579700042,19.14365467209798,17.200822110462592,1.254134085166023,0.5439336865378259,1.942832561635388
ssp585,2038,Pattern 2,33,19.230596098492033,18.52995377832439,19.930639129480237,17.971706861349187,1.2588892371428455,0.5582469169752038,1.9589322681310513
ssp585,2038,Pattern 3,33,17.369557995382877,16.66529053500467,18.058967887600662,16.11738071504211,1.2521772803407702,0.5479098199625589,1.9415871725585518
ssp585,2039,Pattern 1,33,18.152024994653527,17.423755081136427,19.183476634929114,17.200822110462592,0.9512028841909322,0.22293297067383622,1.9826545244665208
ssp585,2039,Pattern 2,33,18.926989403363272,18.195833912073702,19.955496105386622,17.971706861349187,0.9552825420140838,0.22412705072451544,1.9837892440374356
ssp585,2039,Pattern 3,33,17.069093937341318,16.336232528474305,18.075905633063996,16.11738071504211,0.9517132222992081,0.21885181343219387,1.9585249180218882
ssp585,2040,Pattern 1,33,18.283992574322923,17.608658020732687,19.022655159632592,17.200822110462592,1.0831704638603321,0.4078359102700951,1.821833049169998
ssp585,2040,Pattern 2,33,19.05823136122668,18.367325398681942,19.79919544357469,17.971706861349187,1.0865244998774948,0.395618537332755,1.8274885822255023
ssp585,2040,Pattern 3,33,17.19458879541705,16.552772923934704,17.92856262802682,16.11738071504211,1.0772080803749404,0.43539220889259483,1.81118191298471
ssp585,2041,Pattern 1,33,18.32941934255661,17.69069609925551,19.049069625866974,17.200822110462592,1.1285972320940174,0.4898739887929182,1.8482475154043811
ssp585,2041,Pattern 2,33,19.104121038697578,18.472953858657405,19.827513954122818,17.971706861349187,1.1324141773483913,0.5012469973082183,1.855807092773631
ssp585,2041,Pattern 3,33,17.240112236046066,16.594885448687915,17.95116368934442,16.11738071504211,1.1227315210039583,0.4775047336458066,1.8337829743023086
ssp585,2042,Pattern 1,33,18.321518414930832,17.40076169893637,19.204391255042648,17.200822110462592,1.1206963044682392,0.19993958847377727,2.003569144580054
ssp585,2042,Pattern 2,33,19.100243856962187,18.176993461755167,19.98965278457378,17.971706861349187,1.1285369956129996,0.20528660040597943,2.0179459232245955
ssp585,2042,Pattern 3,33,17.232324133019905,16.304135637904054,18.074440688900044,16.11738071504211,1.1149434179777957,0.18675492286194242,1.9570599738579353
ssp585,2043,Pattern 1,33,18.455309584267724,17.41863276492516,19.611661902642116,17.200822110462592,1.2544874738051308,0.21781065446256634,2.4108397921795244
ssp585,2043,Pattern 2,33,19.23056557957966,18.19317231823957,20.387526804108106,17.971706861349187,1.2588587182304745,0.22146545689038108,2.4158199427589184
ssp585,2043,Pattern 3,33,17.37150444406383,16.323633816964072,18.547936226174023,16.11738071504211,1.2541237290217204,0.20625310192196408,2.430555511131915
ssp585,2044,Pattern 1,33,18.61698489009744,17.76045373398083,19.427246820503004,17.200822110462592,1.4161627796348486,0.5596316235182393,2.226424710040412
ssp585,2044,Pattern 2,33,19.393089240352754,18.535233114198753,20.20595116346915,17.971706861349187,1.4213823790035691,0.563526252849568,2.2342443021199636
ssp585,2044,Pattern 3,33,17.52757396655185,16.66923501577746,18.35905803957037,16.11738071504211,1.4101932515097384,0.55185430073535,2.24167732452826
ssp585,2045,Pattern 1,33,18.5897288875902,17.4862876085007,19.351218584750413,17.200822110462592,1.3889067771276113,0.28546549803810706,2.150396474287819
ssp585,2045,Pattern 2,33,19.36651958753629,18.2646838857738,20.12711647713727,17.971706861349187,1.394812726187101,0.2929770244246115,2.1554096157880833
ssp585,2045,Pattern 3,33,17.499604852270174,16.391365854338144,18.262763384020477,16.11738071504211,1.3822241372280653,0.27398513929603396,2.1453826689783666
ssp585,2046,Pattern 1,33,18.674146202893837,17.852342948907406,19.45338393135538,17.200822110462592,1.4733240924312414,0.6515208384448151,2.2525618208927876
ssp585,2046,Pattern 2,33,19.450264149067014,18.633159689954134,20.226604941862693,17.971706861349187,1.4785572877178288,0.6614528286049485,2.254898080513507
ssp585,2046,Pattern 3,33,17.585905565174347,16.75100546815387,18.339462291086075,16.11738071504211,1.4685248501322368,0.6336247531117621,2.222081576043965
ssp585,2047,Pattern 1,33,18.64994513665924,17.681521166047926,19.848761187500017,17.200822110462592,1.4491230261966472,0.4806990555853332,2.6479390770374254
ssp585,2047,Pattern 2,33,19.42759194853725,18.459463268250524,20.62385990238525,17.971706861349187,1.4558850871880615,0.4877564069013367,2.6521530410360614
ssp585,2047,Pattern 3,33,17.55807636055324,16.594902369854516,18.742009717846003,16.11738071504211,1.4406956455111335,0.4775216548124078,2.624629002803893
ssp585,2048,Pattern 1,33,18.734965528650992,17.69595563718998,19.693481370343417,17.200822110462592,1.5341434181883977,0.49513352672738625,2.492659259880824
ssp585,2048,Pattern 2,33,19.510699505640773,18.461761308102883,20.46315477261535,17.971706861349187,1.5389926442915849,0.49005444675369464,2.4914479112661634
ssp585,2048,Pattern 3,33,17.647595207679753,16.633729651980005,18.590493959838252,16.11738071504211,1.5302144926376426,0.5163489369378944,2.4731132447961417
ssp585,2049,Pattern 1,33,18.995593671543382,18.270347608806738,19.818514899431094,17.200822110462592,1.7947715610807906,1.0695254983441451,2.6176927889685024
ssp585,2049,Pattern 2,33,19.77099847563494,19.048464957030426,20.590185913776537,17.971706861349187,1.7992916142857514,1.0767580956812395,2.6184790524273494
ssp585,2049,Pattern 3,33,17.90810478316864,17.195739560261092,18.727596396657376,16.11738071504211,1.7907240681265282,1.0783588452189832,2.6102156816152657
ssp585,2050,Pattern 1,33,18.903413672505206,17.841627626594526,19.701527956845826,17.200822110462592,1.7025915620426106,0.6408055161319355,2.5007058463832346
ssp585,2050,Pattern 2,33,19.681501301741825,18.617688414117822,20.48718671837,17.971706861349187,1.7097944403926375,0.6459815527686346,2.515479857020813
ssp585,2050,Pattern 3,33,17.810435324005564,16.76517311200026,18.590443617654334,16.11738071504211,1.6930546089634526,0.6477923969581483,2.4730629026122224
ssp585,2051,Pattern 1,33,18.942399955596386,17.832772983006496,20.10593154074587,17.200822110462592,1.7415778451337907,0.6319508725439043,2.9051094302832774
ssp585,2051,Pattern 2,33,19.718463780198096,18.60954971250465,20.8836250752457,17.971706861349187,1.746756918848911,0.637842851155461,2.9119182138965125
ssp585,2051,Pattern 3,33,17.853388441868802,16.69801796783498,18.99581609605197,16.11738071504211,1.736007726826693,0.5806372527928687,2.878435381009861
ssp585,2052,Pattern 1,33,18.95625317577098,17.759822777702453,20.136238678393852,17.200822110462592,1.7554310653083847,0.5590006672398616,2.935416567931259
ssp585,2052,Pattern 2,33,19.734196325528742,18.519044202689585,20.912612015322654,17.971706861349187,1.7624894641795545,0.5473373413403999,2.9409051539734676
ssp585,2052,Pattern 3,33,17.866015172867954,16.724529337381874,19.037343880022384,16.11738071504211,1.7486344578258453,0.6071486223397635,2.9199631649802744
ssp585,2053,Pattern 1,33,19.123261908874202,18.405786744638036,20.013975184345554,17.200822110462592,1.9224397984116086,1.2049646341754439,2.8131530738829618
ssp585,2053,Pattern 2,33,19.898775861573863,19.19123763422494,20.79166727929219,17.971706861349187,1.9270690002246769,1.2195307728757527,2.819960417943004
ssp585,2053,Pattern 3,33,18.03565745453732,17.311254924904983,18.928032816639295,16.11738071504211,1.9182767394952085,1.1938742098628723,2.8106521015971864
ssp585,2054,Pattern 1,33,19.197243710902086,18.289305820814462,20.01116503926324,17.200822110462592,1.9964216004394908,1.0884837103518692,2.8103429288006474
ssp585,2054,Pattern 2,33,19.97388115275388,19.071623609465544,20.790214654655557,17.971706861349187,2.0021742914046916,1.0999167481163554,2.8185077933063694
ssp585,2054,Pattern 3,33,18.104796267854006,17.179500681386195,18.922924206979058,16.11738071504211,1.9874155528118953,1.0621199663440848,2.805543491936947
ssp585,2055,Pattern 1,33,19.190016015272043,18.239571418542127,20.024213552946275,17.200822110462592,1.9891939048094516,1.0387493080795338,2.8233914424836817
ssp585,2055,Pattern 2,33,19.96648954744148,19.014774264959186,20.79061134688998,17.971706861349187,1.994782686092293,1.0430674036099987,2.8189044855407914
ssp585,2055,Pattern 3,33,18.104782096621307,17.15167194627853,18.95161606308494,16.11738071504211,1.987401381579198,1.0342912312364205,2.834235348042833
ssp585,2056,Pattern 1,33,19.211250398107357,18.133962756147195,20.58748381690033,17.200822110462592,2.0104282876447654,0.9331406456846011,3.3866617064377396
ssp585,2056,Pattern 2,33,19.988677918177977,18.90781322573313,21.364965933337164,17.971706861349187,2.01697105682879,0.9361063643839422,3.393259071987978
ssp585,2056,Pattern 3,33,18.12414598144175,17.0496923184701,19.492814007153623,16.11738071504211,2.0067652663996394,0.9323116034279906,3.3754332921115116
ssp585,2057,Pattern 1,33,19.434775498911307,18.830799068530226,20.490161068634162,17.200822110462592,2.2339533884487164,1.6299769580676327,3.2893389581715713
ssp585,2057,Pattern 2,33,20.210568441070514,19.608218568169768,21.26460412363453,17.971706861349187,2.238861579721328,1.6365117068205812,3.2928972622853454
ssp585,2057,Pattern 3,33,18.3467866801221,17.740577964697092,19.37477128759878,16.11738071504211,2.2294059650799927,1.6231972496549836,3.2573905725566705
ssp585,2058,Pattern 1,33,19.443450602281686,18.46691523247859,20.510380828488152,17.200822110462592,2.2426284918190937,1.2660931220159974,3.309558718025561
ssp585,2058,Pattern 2,33,20.21995897766567,19.243083691573723,21.283162118787093,17.971706861349187,2.2482521163164826,1.271376830224537,3.311455257437906
ssp585,2058,Pattern 3,33,18.356255640751655,17.379871121927597,19.428114205734687,16.11738071504211,2.2388749257095455,1.262490406885486,3.310733490692576
ssp585,2059,Pattern 1,33,19.52769951971193,18.020462243575988,20.9063910240016,17.200822110462592,2.3268774092493403,0.8196401331133949,3.705568913539007
ssp585,2059,Pattern 2,33,20.30323891419006,18.796222065289555,21.68311258025255,17.971706861349187,2.3315320528408727,0.8245152039403671,3.7114057189033653
ssp585,2059,Pattern 3,33,18.441099875987007,16.93500103075517,19.79658658373682,16.11738071504211,2.323719160944897,0.8176203157130602,3.6792058686947104
ssp585,2060,Pattern 1,33,19.672564318834397,18.748158983669832,20.627184932853762,17.200822110462592,2.4717422083718037,1.5473368732072401,3.426362822391171
ssp585,2060,Pattern 2,33,20.44929693495988,19.518376106324354,21.405894320311766,17.971706861349187,2.477590073610692,1.5466692449751682,3.434187458962581
ssp585,2060,Pattern 3,33,18.586499191640854,17.66131791453829,19.514384241142487,16.11738071504211,2.469118476598745,1.5439371994961804,3.397003526100377
ssp585,2061,Pattern 1,33,19.610555679584365,18.78483540733981,20.505676942983857,17.200822110462592,2.409733569121773,1.5840132968772167,3.3048548325212663
ssp585,2061,Pattern 2,33,20.38741032589338,19.561043018136374,21.286425301148466,17.971706861349187,2.415703464544193,1.5893361567871864,3.31471843979928
ssp585,2061,Pattern 3,33,18.527897971677536,17.70197850978027,19.43830296138901,16.11738071504211,2.410517256635429,1.584597794738162,3.3209222463468997
ssp585,2062,Pattern 1,33,19.5699442803827,18.79601347909769,20.764314364589282,17.200822110462592,2.3691221699201077,1.5951913686350985,3.563492254126691
ssp585,2062,Pattern 2,33,20.345510705342967,19.57202598934309,21.541055798195487,17.971706861349187,2.3738038439937785,1.600319127993903,3.5693489368462985
ssp585,2062,Pattern 3,33,18.4866924051492,17.705864002327516,19.66526643555381,16.11738071504211,2.36931169010709,1.5884832872854076,3.5478857205116996
ssp585,2063,Pattern 1,33,19.73347077294346,18.425698781974766,20.704992298921457,17.200822110462592,2.532648662480866,1.2248766715121733,3.5041701884588647
ssp585,2063,Pattern 2,33,20.509119545688815,19.196513184188067,21.491570276354,17.971706861349187,2.537412684339629,1.2248063228388788,3.519863415004813
ssp585,2063,Pattern 3,33,18.649723514601966,17.343754531341567,19.611633636342408,16.11738071504211,2.5323427995598586,1.226373816299457,3.4942529213002986
ssp585,2064,Pattern 1,33,19.959178674310376,19.01150049694252,21.010096783555074,17.200822110462592,2.7583565638477827,1.8106783864799276,3.8092746730924834
ssp585,2064,Pattern 2,33,20.736764596738574,19.78419316070632,21.782379395998174,17.971706861349187,2.765057735389387,1.812486299357132,3.8106725346489863
ssp585,2064,Pattern 3,33,18.865274474128558,17.93958279131082,19.901889654565725,16.11738071504211,2.7478937590864483,1.8222020762687088,3.784508939523617
ssp585,2065,Pattern 1,33,19.770649547624533,18.54754821301541,20.772946126600903,17.200822110462592,2.569827437161941,1.3467261025528174,3.5721240161383108
ssp585,2065,Pattern 2,33,20.546144257208844,19.311950107013963,21.560602050831307,17.971706861349187,2.5744373958596576,1.340243245664776,3.5888951894821197
ssp585,2065,Pattern 3,33,18.68648110660216,17.48131089958383,19.666315953964595,16.11738071504211,2.5691003915600485,1.363930184541718,3.5489352389224864
ssp585,2066,Pattern 1,33,20.158800838743343,18.94827499257179,21.20387359845768,17.200822110462592,2.9579787282807506,1.747452882109198,4.003051487995086
ssp585,2066,Pattern 2,33,20.937143901575503,19.725500641743054,21.99634049695826,17.971706861349187,2.9654370402263153,1.7537937803938655,4.024633635609074
ssp585,2066,Pattern 3,33,19.06496617495429,17.84965138010374,20.16707697258641,16.11738071504211,2.9475854599121782,1.7322706650616297,4.049696257544301
ssp585,2067,Pattern 1,33,20.163763941179962,19.140749879466625,21.640995222379885,17.200822110462592,2.9629418307173694,1.9399277690040335,4.440173111917295
ssp585,2067,Pattern 2,33,20.93987828781658,19.91398289037791,22.409966171401898,17.971706861349187,2.9681714264673937,1.9422760290287229,4.438259310052713
ssp585,2067,Pattern 3,33,19.07426865721813,18.042666217228298,20.538172958449024,16.11738071504211,2.956887942176019,1.925285502186189,4.420792243406913
ssp585,2068,Pattern 1,33,20.079741408302638,19.122785860906294,21.235196181593423,17.200822110462592,2.8789192978400475,1.9219637504437004,4.034374071130832
ssp585,2068,Pattern 2,33,20.85559492098891,19.895643829277113,22.02118673155664,17.971706861349187,2.883888059639723,1.9239369679279257,4.0494798702074535
ssp585,2068,Pattern 3,33,18.996770149094974,18.033616396511707,20.149338848531276,16.11738071504211,2.879389434052866,1.9162356814695982,4.031958133489165
ssp585,2069,Pattern 1,33,20.26437482401845,18.977826851419113,21.666131752478368,17.200822110462592,3.0635527135558562,1.7770047409565208,4.465309642015775
ssp585,2069,Pattern 2,33,21.040735325995644,19.754099430384993,22.45041892312215,17.971706861349187,3.069028464646458,1.7823925690358067,4.478712061772964
ssp585,2069,Pattern 3,33,19.17623862578465,17.89144669188306,20.54576728043318,16.11738071504211,3.0588579107425398,1.774065976840953,4.428386565391071
ssp585,2070,Pattern 1,33,20.518102208358425,19.031458320487136,22.158403810139717,17.200822110462592,3.317280097895831,1.8306362100245452,4.957581699677126
ssp585,2070,Pattern 2,33,21.294010707812095,19.809126502748903,22.91997656996775,17.971706861349187,3.3223038464629076,1.8374196413997155,4.948269708618563
ssp585,2070,Pattern 3,33,19.428369707136977,17.952289288972587,21.08918008148283,16.11738071504211,3.3109889920948654,1.8349085739304756,4.971799366440719
ssp585,2071,Pattern 1,33,20.375740179281188,19.200973763794714,21.940395368785722,17.200822110462592,3.174918068818593,2.000151653332123,4.73957325832313
ssp585,2071,Pattern 2,33,21.15025821780061,19.966951041787976,22.700251478771747,17.971706861349187,3.1785513564514223,1.9952441804387875,4.728544617422559
ssp585,2071,Pattern 3,33,19.289244089621533,18.12556850408363,20.838184733005598,16.11738071504211,3.171863374579423,2.008187789041521,4.720804017963486
ssp585,2072,Pattern 1,33,20.333964238730967,19.30014427437017,21.225421858784127,17.200822110462592,3.133142128268373,2.0993221639075763,4.0245997483215366
ssp585,2072,Pattern 2,33,21.10931205014921,20.069784146759368,22.009375396179017,17.971706861349187,3.1376051888000243,2.0980772854101795,4.037668534829829
ssp585,2072,Pattern 3,33,19.249990878035984,18.206252249098373,20.11633958686332,16.11738071504211,3.132610162993874,2.0888715340562625,3.998958871821209
ssp585,2073,Pattern 1,33,20.439206523889414,19.255836786063288,21.530925029736554,17.200822110462592,3.2383844134268234,2.0550146756006966,4.330102919273964
ssp585,2073,Pattern 2,33,21.216853878670833,20.014311854419674,22.30421607907122,17.971706861349187,3.2451470173216457,2.042604993070487,4.332509217722035
ssp585,2073,Pattern 3,33,19.356537522630674,18.180552243406606,20.45069835226141,16.11738071504211,3.239156807588565,2.063171528364497,4.3333176372193005
ssp585,2074,Pattern 1,33,20.622975827029844,19.344582915798014,21.82180789099387,17.200822110462592,3.422153716567249,2.143760805335421,4.620985780531277
ssp585,2074,Pattern 2,33,21.399093222026107,20.117742942540747,22.592334698947393,17.971706861349187,3.4273863606769193,2.1460360811915593,4.620627837598206
ssp585,2074,Pattern 3,33,19.533706995768085,18.253301188534905,20.723878026406638,16.11738071504211,3.4163262807259738,2.135920473492797,4.606497311364527
ssp585,2075,Pattern 1,33,20.69494551782929,19.50679492220921,22.162926268323588,17.200822110462592,3.4941234073666974,2.305972811746616,4.9621041578609955
ssp585,2075,Pattern 2,33,21.470082299810862,20.276869656591682,22.93629154675455,17.971706861349187,3.4983754384616774,2.3051627952424965,4.964584685405365
ssp585,2075,Pattern 3,33,19.60965480275037,18.428802592317428,21.05559527878829,16.11738071504211,3.4922740877082608,2.3114218772753183,4.93821456374618
ssp585,2076,Pattern 1,33,20.65422496300427,19.373142099165523,22.316450682675022,17.200822110462592,3.4534028525416773,2.1723199887029296,5.115628572212429
ssp585,2076,Pattern 2,33,21.430173745773796,20.156434304422593,23.09928715756517,17.971706861349187,3.4584668844246114,2.184727443073405,5.1275802962159815
ssp585,2076,Pattern 3,33,19.567302564242024,18.289976819561407,21.198974739830668,16.11738071504211,3.449921849199915,2.172596104519298,5.08159402478856
ssp585,2077,Pattern 1,33,20.627827450256547,19.444265020831043,21.930076747860344,17.200822110462592,3.4270053397939515,2.243442910368451,4.729254637397751
ssp585,2077,Pattern 2,33,21.40206824161726,20.22481999844519,22.698702515143612,17.971706861349187,3.430361380268074,2.253113137096004,4.726995653794426
ssp585,2077,Pattern 3,33,19.546191869635617,18.366324867884767,20.860521924189317,16.11738071504211,3.428811154593508,2.2489441528426575,4.743141209147207
ssp585,2078,Pattern 1,33,20.810169707523013,19.505543487188508,22.250648589946934,17.200822110462592,3.6093475970604185,2.3047213767259143,5.049826479484342
ssp585,2078,Pattern 2,33,21.585059214186057,20.285661702064615,23.03336362766276,17.971706861349187,3.6133523528368676,2.3139548407154287,5.061656766313574
ssp585,2078,Pattern 3,33,19.733653086142585,18.429670127896447,21.144960017563413,16.11738071504211,3.6162723711004743,2.312289412854338,5.0275793025213025
ssp585,2079,Pattern 1,33,20.912599655477116,19.59107744179778,22.300956786483106,17.200822110462592,3.7117775450145256,2.3902553313351866,5.100134676020512
ssp585,2079,Pattern 2,33,21.68943767233159,20.36458555042673,23.07399509944313,17.971706861349187,3.717730810982403,2.3928786890775435,5.102288238093943
ssp585,2079,Pattern 3,33,19.823861459471523,18.48801529603182,21.227498117629494,16.11738071504211,3.706480744429414,2.37063458098971,5.110117402587386
ssp585,2080,Pattern 1,33,20.975567688543173,19.377196782147703,22.734955317550785,17.200822110462592,3.774745578080578,2.176374671685111,5.534133207088192
ssp585,2080,Pattern 2,33,21.750642401216908,20.145190529584482,23.50656563595792,17.971706861349187,3.778935539867721,2.1734836682352947,5.5348587746087325
ssp585,2080,Pattern 3,33,19.885703351985395,18.298933273478777,21.62637933850459,16.11738071504211,3.7683226369432865,2.1815525584366675,5.50899862346248
ssp585,2081,Pattern 1,33,21.132582430401996,19.528387940485445,23.212986828307688,17.200822110462592,3.931760319939401,2.327565830022852,6.012164717845096
ssp585,2081,Pattern 2,33,21.907266944803236,20.30268935934329,23.995732243076173,17.971706861349187,3.9355600834540505,2.330982497994102,6.024025381726986
ssp585,2081,Pattern 3,33,20.04439451038797,18.436606804076934,22.10671082632185,16.11738071504211,3.9270137953458626,2.319226089034824,5.989330111279743
ssp585,2082,Pattern 1,33,21.25064265270701,19.669058280002723,23.040407002874005,17.200822110462592,4.04982054224442,2.468236169540132,5.839584892411412
ssp585,2082,Pattern 2,33,22.027427261557836,20.4483304397617,23.818711038868756,17.971706861349187,4.05572040020865,2.4766235784125135,5.84700417751957
ssp585,2082,Pattern 3,33,20.162684307640564,18.583118068932002,21.936703311961725,16.11738071504211,4.045303592598454,2.4657373538898932,5.819322596919617
ssp585,2083,Pattern 1,33,21.19777214299257,19.653782777526658,22.767989809045833,17.200822110462592,3.996950032529977,2.4529606670640662,5.56716769858324
ssp585,2083,Pattern 2,33,21.973274611155755,20.42801858940305,23.55130378881538,17.971706861349187,4.001567749806568,2.456311728053861,5.5795969274661905
ssp585,2083,Pattern 3,33,20.11687205543427,18.56370864962773,21.673062684898774,16.11738071504211,3.999491340392162,2.44632793458562,5.555681969856665
ssp585,2084,Pattern 1,33,21.18646492407295,19.25693708162357,22.755674499736955,17.200822110462592,3.985642813610358,2.056114971160978,5.554852389274363
ssp585,2084,Pattern 2,33,21.96363092829327,20.037555824231767,23.528017295609903,17.971706861349187,3.9919240669440823,2.0658489628825807,5.556310434260717
ssp585,2084,Pattern 3,33,20.099811696423906,18.1834702934111,21.669893034780923,16.11738071504211,3.982430981381795,2.0660895783689908,5.552512319738815
ssp585,2085,Pattern 1,33,21.499216095873432,19.79308045015044,23.603400516659693,17.200822110462592,4.29839398541084,2.5922583396878487,6.402578406197101
ssp585,2085,Pattern 2,33,22.27537334448431,20.577494351772746,24.381543798261266,17.971706861349187,4.303666483135126,2.605787490423559,6.409836936912078
ssp585,2085,Pattern 3,33,20.41126503739895,18.683351505019566,22.540805781016005,16.11738071504211,4.293884322356842,2.565970789977457,6.423425065973894
ssp585,2086,Pattern 1,33,21.405492671140177,19.890304186496973,23.413422127671264,17.200822110462592,4.2046705606775845,2.689482076034382,6.212600017208671
ssp585,2086,Pattern 2,33,22.181025986174184,20.665501543006,24.183899800998976,17.971706861349187,4.209319124824996,2.6937946816568106,6.212192939649791
ssp585,2086,Pattern 3,33,20.319187792610535,18.80006226589388,22.26421854642202,16.11738071504211,4.201807077568424,2.682681550851771,6.14683783137991
ssp585,2087,Pattern 1,33,21.535646268568236,20.000632382394286,23.18504810051235,17.200822110462592,4.3348241581056435,2.7998102719316953,5.98422599004976
ssp585,2087,Pattern 2,33,22.31178534740864,20.778048237835215,23.957282554817798,17.971706861349187,4.340078486059454,2.806341376486027,5.985575693468612
ssp585,2087,Pattern 3,33,20.450785093338155,18.92429090846681,22.072485768423107,16.11738071504211,4.333404378296044,2.8069101934246987,5.955105053380998
ssp585,2088,Pattern 1,33,21.592905404744574,19.96691103043836,22.97265145933578,17.200822110462592,4.392083294281982,2.766088919975768,5.771829348873186
ssp585,2088,Pattern 2,33,22.36738677773763,20.741399303342774,23.746451420984013,17.971706861349187,4.395679916388441,2.7696924419935876,5.774744559634827
ssp585,2088,Pattern 3,33,20.50723271287324,18.87349428103805,21.878415046982475,16.11738071504211,4.389851997831129,2.7561135659959386,5.761034331940367
ssp585,2089,Pattern 1,33,21.86312094243547,20.29973176994223,24.418690149732008,17.200822110462592,4.662298831972876,3.098909659479639,7.217868039269417
ssp585,2089,Pattern 2,33,22.638637981892227,21.080272398344842,25.20156619045608,17.971706861349187,4.666931120543041,3.108565536995654,7.229859329106893
ssp585,2089,Pattern 3,33,20.779897193870895,19.217660162403284,23.29531957687405,16.11738071504211,4.662516478828782,3.1002794473611752,7.17793886183194
ssp585,2090,Pattern 1,33,21.928228220894212,20.584731547350817,24.031721393980877,17.200822110462592,4.7274061104316205,3.383909436888223,6.830899283518287
ssp585,2090,Pattern 2,33,22.703677921353282,21.352487433179558,24.802067766333998,17.971706861349187,4.731971060004093,3.38078057183037,6.8303609049848095
ssp585,2090,Pattern 3,33,20.840817521118037,19.494424072576198,22.934832429406672,16.11738071504211,4.723436806075929,3.3770433575340895,6.817451714364561
ssp585,2091,Pattern 1,33,22.111333920025263,19.968408907360164,24.486725131038895,17.200822110462592,4.910511809562669,2.7675867968975703,7.285903020576304
ssp585,2091,Pattern 2,33,22.88760933962327,20.74682965824358,25.262063996921963,17.971706861349187,4.915902478274083,2.7751227968943946,7.290357135572775
ssp585,2091,Pattern 3,33,21.02326095210475,18.864702491591324,23.40032485179056,16.11738071504211,4.905880237062642,2.7473217765492146,7.2829441367484495
ssp585,2092,Pattern 1,33,21.982653199248652,20.324682561716916,23.94303694539393,17.200822110462592,4.781831088786059,3.1238604512543224,6.74221483493134
ssp585,2092,Pattern 2,33,22.75921602541587,21.099412212032213,24.71586901905201,17.971706861349187,4.787509164066686,3.1277053506830264,6.744162157702826
ssp585,2092,Pattern 3,33,20.897202022005512,19.232233665812497,22.83032845294178,16.11738071504211,4.779821306963405,3.1148529507703877,6.71294773789967
ssp585,2093,Pattern 1,33,22.004754632792864,20.51900366199608,23.871782273871368,17.200822110462592,4.803932522330269,3.318181551533487,6.670960163408775
ssp585,2093,Pattern 2,33,22.782399973995215,21.291706153242043,24.634936938504506,17.971706861349187,4.81069311264603,3.3199992918928567,6.663230077155321
ssp585,2093,Pattern 3,33,20.918070375257823,19.433225613641486,22.790895195500546,16.11738071504211,4.8006896602157125,3.3158448985993765,6.673514480458437
ssp585,2094,Pattern 1,33,22.133134712953517,20.235573858004184,24.148833358033563,17.200822110462592,4.932312602490924,3.034751747541592,6.948011247570969
ssp585,2094,Pattern 2,33,22.90938947517914,21.01424931622059,24.92866261163682,17.971706861349187,4.937682613829952,3.042542454871402,6.956955750287632
ssp585,2094,Pattern 3,33,21.049198189711504,19.17555523310883,23.012922915569554,16.11738071504211,4.931817474669395,3.0581745180667212,6.895542200527446
ssp585,2095,Pattern 1,33,22.41826460150378,20.22388049559793,24.79270635230381,17.200822110462592,5.217442491041187,3.023058385135337,7.591884241841219
ssp585,2095,Pattern 2,33,23.194978576948614,20.998314721740005,25.56865631905697,17.971706861349187,5.223271715599428,3.0266078603908197,7.596949457707782
ssp585,2095,Pattern 3,33,21.32996028316586,19.147922224734888,23.69900762561003,16.11738071504211,5.21257956812375,3.030541509692779,7.581626910567919
ssp585,2096,Pattern 1,33,22.387556891161022,20.311320674882374,24.55990241273597,17.200822110462592,5.186734780698429,3.110498564419783,7.3590803022733775
ssp585,2096,Pattern 2,33,23.165646819304527,21.092277071442894,25.33337966397996,17.971706861349187,5.193939957955343,3.1205702100937054,7.361672802630775
ssp585,2096,Pattern 3,33,21.297721221121844,19.224888173299213,23.4690127180307,16.11738071504211,5.180340506079734,3.1075074582571025,7.35163200298859
ssp585,2097,Pattern 1,33,22.583437518913897,20.782416867195543,24.66838058566172,17.200822110462592,5.382615408451305,3.5815947567329522,7.467558475199127
ssp585,2097,Pattern 2,33,23.361100760685844,21.561592728314363,25.44784616162494,17.971706861349187,5.389393899336659,3.589885866965177,7.476139300275756
ssp585,2097,Pattern 3,33,21.49669838283224,19.692985729059682,23.56361642801073,16.11738071504211,5.379317667790128,3.5756050140175732,7.446235712968618
ssp585,2098,Pattern 1,33,22.57253389633596,20.328426150364127,24.34761978279674,17.200822110462592,5.371711785873364,3.127604039901533,7.146797672334149
ssp585,2098,Pattern 2,33,23.35113263314991,21.106298725340164,25.121204163146324,17.971706861349187,5.37942577180072,3.134591863990976,7.149497301797137
ssp585,2098,Pattern 3,33,21.480192697625377,19.233255229126854,23.27332519441007,16.11738071504211,5.362811982583269,3.1158745140847435,7.155944479367961
ssp585,2099,Pattern 1,33,22.376787193976188,20.78224782026088,24.12901723311046,17.200822110462592,5.175965083513594,3.5814257097982902,6.9281951226478675
ssp585,2099,Pattern 2,33,23.153197819831586,21.556417958021633,24.90765486748248,17.971706861349187,5.1814909584823985,3.5847110966724474,6.935948006133296
ssp585,2099,Pattern 3,33,21.290461829159508,19.680689126064824,23.043776979746493,16.11738071504211,5.173081114117399,3.5633084110227147,6.926396264704382
ssp585,2100,Pattern 1,32,22.610808813094387,20.862738327925285,24.77448547129787,17.200822110462592,5.4099867026317945,3.6619162174626942,7.573663360835277
ssp585,2100,Pattern 2,32,23.390207042383526,21.642436858900087,25.55225155448954,17.971706861349187,5.4185001810343385,3.6707299975509016,7.580544693140355
ssp585,2100,Pattern 3,32,21.51879125963457,19.755063937647204,23.6760081421802,16.11738071504211,5.401410544592458,3.637683222605094,7.558627427138091
