scenario,year,pattern,model_count,baseline_gwh_mean,annual_counterfactual_gwh_mean,annual_change_gwh_mean,annual_change_gwh_p10,annual_change_gwh_p90,annual_change_pct_mean,annual_change_pct_p10,annual_change_pct_p90
ssp126,2026,Pattern 1,31,1033.860319594812,1043.2370266494747,9.376707054662617,3.907359301538869,15.364271793297442,0.9077637697342953,0.37720619200047334,1.5041065241804665
ssp126,2026,Pattern 2,31,1279.5939635508134,1346.9723597824477,67.37839623163437,26.0542355188252,117.4820654996879,5.271437037392582,2.0320220271522467,9.295462577135646
ssp126,2026,Pattern 3,31,135.04932050811178,135.91076324472556,0.8614427366138139,0.204229318694428,1.5918757758251563,0.639427952690568,0.15074935565528302,1.175023493311214
ssp126,2027,Pattern 1,31,1033.860319594812,1043.17546312959,9.315143534777972,4.123816644414738,13.922300101095871,0.9010480460313691,0.39810241467561636,1.3440222410449696
ssp126,2027,Pattern 2,31,1279.5939635508134,1345.7757668048318,66.18180325401842,32.98020897904394,99.5291188467654,5.171960840591442,2.572192573337243,7.762475383073548
ssp126,2027,Pattern 3,31,135.04932050811178,135.82768005151135,0.7783595433996284,0.31953039264645894,1.3049416462027534,0.5761408394473749,0.235857422977573,0.969553210599163
ssp126,2028,Pattern 1,31,1035.3244698881772,1046.5423099399281,11.217840051750766,5.91483402646505,18.271599295303425,1.084254191247036,0.5710025229978236,1.7589947504970733
ssp126,2028,Pattern 2,31,1281.2889590903528,1365.7397791037015,84.45082001334863,31.270610453467555,141.27332840374015,6.596575265997918,2.4328626601769745,11.018189919949616
ssp126,2028,Pattern 3,31,135.10799411540083,136.43850811348392,1.330513998083121,0.2922046716248976,3.328908303215651,0.9866936782314878,0.21550449755603765,2.4571926545773293
ssp126,2029,Pattern 1,31,1033.860319594812,1044.1599141494175,10.299594554605607,5.158196243007252,15.372084470082449,0.9967783702024924,0.4979587010720054,1.4839806116078862
ssp126,2029,Pattern 2,31,1279.5939635508134,1352.1151480806673,72.52118452985398,32.672567638315535,107.82535208099684,5.671310407169523,2.585131853863278,8.409515234316551
ssp126,2029,Pattern 3,31,135.04932050811178,135.91832068180625,0.8690001736945198,0.29673166078633906,1.424487850031132,0.6442736099589201,0.21902881991684892,1.0514681579693843
ssp126,2030,Pattern 1,31,1033.7840806566771,1045.025567158176,11.241486501499049,6.407320342668478,17.0163448034309,1.0878047070560957,0.6185458568996415,1.6604880663710395
ssp126,2030,Pattern 2,31,1279.481391623599,1363.3491094417786,83.86771781817995,41.760948667945435,128.1449550136356,6.5569469018635935,3.3042263419313196,9.99428177687259
ssp126,2030,Pattern 3,31,135.04487466620643,136.29188639231634,1.2470117261099793,0.34382228403697207,1.8106519753489114,0.9236745149075819,0.260003421364631,1.3692414085665279
ssp126,2031,Pattern 1,31,1033.860319594812,1044.1040458621308,10.243726267318705,5.921290297223507,14.937944888638132,0.9909495940479663,0.5716257943991413,1.4420699180484804
ssp126,2031,Pattern 2,31,1279.5939635508134,1353.9180843754643,74.32412082465089,37.69125115130857,109.47272958751702,5.80945325989126,2.939616190812723,8.57946342174653
ssp126,2031,Pattern 3,31,135.04932050811178,136.05633722615187,1.007016718040132,0.314264720096929,1.815759624652929,0.7457759680705531,0.23197063165393822,1.3402805982566088
ssp126,2032,Pattern 1,31,1035.3244698881772,1047.5397044399274,12.215234551749942,7.672172221883507,16.65843781623908,1.1804857881525759,0.7395260168404815,1.6230249430839818
ssp126,2032,Pattern 2,31,1281.2889590903528,1369.2868886498495,87.9979295594966,57.373690410532475,117.85115114156439,6.871169530048442,4.463689932885852,9.191447389499363
ssp126,2032,Pattern 3,31,135.10799411540083,136.2935057994666,1.185511684065832,0.6546864556339025,1.8669882952344972,0.8779347906519039,0.48283921983027517,1.3769265640762993
ssp126,2033,Pattern 1,31,1033.860319594812,1045.2289974280602,11.368677833248261,6.544795722264006,16.79549144989197,1.0999973517796922,0.6318173685342704,1.6213925783828347
ssp126,2033,Pattern 2,31,1279.5939635508134,1362.4090775841594,82.8151140333459,43.118814883082656,130.2717056556053,6.4750509340153615,3.3629227602481904,10.160151320333961
ssp126,2033,Pattern 3,31,135.04932050811178,136.21525477435694,1.165934266245181,0.34482942567148267,2.211971900169408,0.8653801901892142,0.2545315925414952,1.6327398084162923
ssp126,2034,Pattern 1,31,1033.860319594812,1044.963235245048,11.102915650236023,5.601871999481381,15.85583380546924,1.0741322817410865,0.540789991892029,1.5341808429503616
ssp126,2034,Pattern 2,31,1279.5939635508134,1361.1499934647377,81.5560299139242,36.93213129610651,122.21338530241007,6.375707417302554,2.8804109124270014,9.531666771335754
ssp126,2034,Pattern 3,31,135.04932050811178,136.12375076496252,1.0744302568507949,0.3188809609703578,1.779517244939432,0.7962883195898015,0.23537805298632872,1.3135287321477158
ssp126,2035,Pattern 1,31,1033.7840806566771,1046.0849068942834,12.300826237606362,5.850416412030878,19.907268703980908,1.1902329813385992,0.5647838158958433,1.9488494566552501
ssp126,2035,Pattern 2,31,1279.481391623599,1370.1825036102514,90.7011119866526,44.09948146085181,135.82684059232662,7.091474170115971,3.439406911390491,10.593407423629127
ssp126,2035,Pattern 3,31,135.04487466620643,136.33962340484936,1.2947487386429768,0.4885274370196783,2.153507306045086,0.9597749630654611,0.3606005093756043,1.5895848884996462
ssp126,2036,Pattern 1,31,1035.3244698881772,1048.0649259520285,12.740456063851259,5.665505417395462,20.581642727403867,1.2314625789707139,0.5469329947241187,1.9813811001982393
ssp126,2036,Pattern 2,31,1281.2889590903528,1376.467553685246,95.17859459489308,39.6555369883883,164.82181833474903,7.4353110942896645,3.0928147786463676,12.854783828506584
ssp126,2036,Pattern 3,31,135.10799411540083,136.56983136904768,1.4618372536469038,0.44115750696976447,3.002469591211226,1.0852903330551271,0.3253590243917668,2.2696092620712824
ssp126,2037,Pattern 1,31,1033.860319594812,1046.425841651447,12.565522056634906,6.0172025427139575,17.68764661129423,1.215598267829508,0.5808849103635777,1.7075188916127384
ssp126,2037,Pattern 2,31,1279.5939635508134,1371.7098445371028,92.11588098628937,42.88549614871461,137.82926005340025,7.200743626560056,3.34472576470631,10.749580129197863
ssp126,2037,Pattern 3,31,135.04932050811178,136.3280658411551,1.2787453330433767,0.4663464566373534,1.8000373625989647,0.9471299805191854,0.34422789195801906,1.328675404206949
ssp126,2038,Pattern 1,31,1033.860319594812,1047.702380342448,13.84206074763581,6.4066413388846035,21.482747686234596,1.3399744113160716,0.6184803076598856,2.1030831390449833
ssp126,2038,Pattern 2,31,1279.5939635508134,1383.611957200975,104.01799365016144,44.26057659788596,177.34109967723106,8.138230880806086,3.4519710438780464,14.031652818039387
ssp126,2038,Pattern 3,31,135.04932050811178,136.60079046187343,1.5514699537616823,0.506571117436257,2.7043757349405273,1.15236895367906,0.3739192297916427,2.0450883389059635
ssp126,2039,Pattern 1,31,1033.860319594812,1047.5875183012413,13.727198706429313,6.931741284786662,18.226127028740866,1.3277273148031288,0.6691720756105223,1.7595023751003906
ssp126,2039,Pattern 2,31,1279.5939635508134,1380.6260072800699,101.03204372925637,47.51183741203503,135.68411328388237,7.895572267942003,3.7055433885969817,10.582275834892805
ssp126,2039,Pattern 3,31,135.04932050811178,136.53921383118717,1.489893323075441,0.4734727930707625,2.377868657292868,1.1026965326215514,0.358047025562277,1.7551944559739296
ssp126,2040,Pattern 1,31,1035.2482309500424,1048.4921410550164,13.243910104974082,6.370064218663234,21.213053336253342,1.2801857059071902,0.6132418591205646,2.074136959238716
ssp126,2040,Pattern 2,31,1281.1763871631383,1377.7628266148515,96.58643945171325,45.785438146120775,165.56386883271446,7.544303654925003,3.5621205096489525,12.912657833523372
ssp126,2040,Pattern 3,31,135.10354827349545,136.4638099954073,1.360261721911866,0.4804739278655548,2.453303805703035,1.007567709313735,0.3543553627587509,1.8127200787655409
ssp126,2041,Pattern 1,31,1033.860319594812,1047.4318379776655,13.571518382853471,7.947345140505504,18.902409089415656,1.3133799012025833,0.7775318416234167,1.8289617730850114
ssp126,2041,Pattern 2,31,1279.5939635508134,1380.692487581952,101.09852403113861,59.514379989268654,162.15115415954392,7.906205298820891,4.641645731003041,12.681007405348765
ssp126,2041,Pattern 3,31,135.04932050811178,136.55517254842326,1.505852040311547,0.6858139942732994,2.731178914440325,1.1163903017591679,0.5062251512025268,2.015986069792473
ssp126,2042,Pattern 1,31,1033.860319594812,1047.4517198885421,13.591400293729945,5.792550688418881,24.050880095429388,1.3147939844181795,0.559197611104685,2.3218087191223855
ssp126,2042,Pattern 2,31,1279.5939635508134,1381.743618047311,102.14965449649759,45.7468681445823,179.19971153518424,7.984031187790886,3.567889899354537,14.042994344560869
ssp126,2042,Pattern 3,31,135.04932050811178,136.61539984822468,1.566079340112932,0.3923887697096001,3.264827903179165,1.1595833962498927,0.28963693645081584,2.455476308871181
ssp126,2043,Pattern 1,31,1033.860319594812,1049.2603200481285,15.400000453316403,8.65702540396143,22.970724678029416,1.4902373046922517,0.8357264675899083,2.2175333555525034
ssp126,2043,Pattern 2,31,1279.5939635508134,1393.9217025632386,114.32773901242517,69.24961046729504,153.7287899162441,8.939162697772753,5.400915860286247,11.989616317529686
ssp126,2043,Pattern 3,31,135.04932050811178,136.71059378097928,1.6612732728675381,0.5767921028202888,2.3695981572250897,1.2304815088381944,0.4257519850874701,1.7490896882347295
ssp126,2044,Pattern 1,31,1035.3244698881772,1050.1357079739741,14.811238085796907,6.563237852772524,20.152912356006528,1.431492365887399,0.6335977233172959,1.9455091638321118
ssp126,2044,Pattern 2,31,1281.2889590903528,1392.6786055793916,111.3896464890386,46.45666588290969,154.70288376471044,8.700325867859926,3.6232484470295194,12.035929707637909
ssp126,2044,Pattern 3,31,135.10799411540083,136.8229186079299,1.7149244925290983,0.5153642827103486,2.930223688789817,1.2722390605476286,0.3800874236069474,2.161075592213917
ssp126,2045,Pattern 1,31,1033.7840806566771,1048.4319889027813,14.647908246104246,6.909569600354704,22.658343720439476,1.4170405337173062,0.6670316794991328,2.187376919357973
ssp126,2045,Pattern 2,31,1279.481391623599,1389.2402257004533,109.75883407685481,50.55351388539229,184.50157438047373,8.579020515388569,3.9541297453005595,14.389647430434227
ssp126,2045,Pattern 3,31,135.04487466620643,136.7725704680737,1.7276958018673232,0.4886165821715536,3.3101525146230824,1.2796631368235851,0.3694989795554821,2.4433483002837773
ssp126,2046,Pattern 1,31,1033.860319594812,1048.6130466236114,14.752727028799326,7.772635004472938,23.760132791340165,1.4278079376419641,0.750349744056588,2.293740738947973
ssp126,2046,Pattern 2,31,1279.5939635508134,1388.6909964594297,109.09703290861631,48.34759477251289,175.8735182684561,8.53054396349418,3.770725779560576,13.91553425980546
ssp126,2046,Pattern 3,31,135.04932050811178,136.7146211419436,1.6653006338318748,0.4774674202279054,3.490945268308596,1.2334270587198848,0.3524366942311636,2.5767982441971387
ssp126,2047,Pattern 1,31,1033.860319594812,1048.2498849995366,14.3895654047245,7.259590247200469,21.924181210566047,1.3923333554064772,0.7008217523153786,2.146297881199477
ssp126,2047,Pattern 2,31,1279.5939635508134,1386.2597964481063,106.66583289729304,46.59304276946566,177.9982033683163,8.339993499541228,3.6338847536398573,13.88243649584745
ssp126,2047,Pattern 3,31,135.04932050811178,136.67657201361254,1.6272515055008,0.4969279257818359,3.7426428637775997,1.2060311238025831,0.36680122666820547,2.83024107135376
ssp126,2048,Pattern 1,31,1035.3244698881772,1050.3885323001894,15.064062412011895,9.423972243519076,22.562221453124256,1.4551903602121123,0.909765498682442,2.173798406606754
ssp126,2048,Pattern 2,31,1281.2889590903528,1391.703706166649,110.414747076296,67.70824945194965,182.7056061372076,8.620571370969994,5.267721655856906,14.432375427937144
ssp126,2048,Pattern 3,31,135.10799411540083,136.70029958518322,1.592305469782408,0.6216519019618008,3.5936748468036352,1.1804648974220064,0.4584758349072818,2.6503788865988818
ssp126,2049,Pattern 1,31,1033.860319594812,1049.668323772894,15.80800417808184,9.095271600234156,24.715410364076714,1.529261056181116,0.8903941258754239,2.419549099139373
ssp126,2049,Pattern 2,31,1279.5939635508134,1401.5998649519775,122.00590140116408,67.35826275756361,189.17012590736252,9.536301653714869,5.329547178632687,14.799659828263758
ssp126,2049,Pattern 3,31,135.04932050811178,137.19133691417133,2.1420164060596063,0.6789297590199175,3.729218189393428,1.5862908414595107,0.501143637758419,2.8200891369601897
ssp126,2050,Pattern 1,31,1033.7840806566771,1049.3243759190163,15.540295262339171,8.915517060698892,24.61395354798955,1.5036214905653542,0.8727968079352406,2.381600139474854
ssp126,2050,Pattern 2,31,1279.481391623599,1394.605678693339,115.12428706974035,60.746182766559855,187.17508382685673,9.000282736395375,4.806383563386528,14.809741211856684
ssp126,2050,Pattern 3,31,135.04487466620643,136.72866114373602,1.6837864775296467,0.6748687673769987,2.8289073618139993,1.2471554572163663,0.49814606680531076,2.0881231192864083
ssp126,2051,Pattern 1,31,1033.860319594812,1048.2017273521276,14.341407757315517,7.597208389493579,22.883020576529617,1.3884546499000383,0.7334145199563021,2.209066632224415
ssp126,2051,Pattern 2,31,1279.5939635508134,1382.7617550030775,103.16779145226411,53.45872082262684,167.9337707349289,8.071782813091362,4.1693527402280255,13.097491230918978
ssp126,2051,Pattern 3,31,135.04932050811178,136.49824102424773,1.4489205161360226,0.5300176046193471,2.5439283348188346,1.0768669745036845,0.39122596546419874,1.8777693612196305
ssp126,2052,Pattern 1,31,1035.3244698881772,1050.8377983350526,15.513328446875226,9.004705635413641,24.410131980312585,1.4996670432635173,0.8668770416027766,2.361878745548396
ssp126,2052,Pattern 2,31,1281.2889590903528,1395.1793254750928,113.89036638473958,56.44653005276613,181.1467151539722,8.897265476984366,4.39155658525701,14.309234707753749
ssp126,2052,Pattern 3,31,135.10799411540083,136.8228554487516,1.714861333350798,0.515849408677741,3.344132864392492,1.271293915606937,0.38115563940989633,2.5278773662984335
ssp126,2053,Pattern 1,31,1033.860319594812,1049.440350747442,15.580031152629754,10.160399836209582,22.38475838596035,1.5075003217865235,0.983101297394522,2.1609657105998217
ssp126,2053,Pattern 2,31,1279.5939635508134,1400.804687636579,121.21072408576569,63.67146595098533,210.26597334264721,9.476218428038813,4.979417725509502,16.399064523852584
ssp126,2053,Pattern 3,31,135.04932050811178,137.097372436726,2.048051928614271,0.5359067447277395,3.688211823474736,1.517786284785566,0.3959757916062368,2.7890795255080025
ssp126,2054,Pattern 1,31,1033.860319594812,1049.323186099015,15.462866504202882,7.7364473730059915,23.149454880466955,1.4964950326608255,0.7468562852754139,2.234787499298738
ssp126,2054,Pattern 2,31,1279.5939635508134,1394.777393810226,115.18343025941259,52.79978742744963,169.83284257628318,9.008118467452295,4.117961204580824,13.245603648571311
ssp126,2054,Pattern 3,31,135.04932050811178,136.78486197614754,1.73554146803581,0.572173743040259,2.8955761930787722,1.2872127684116583,0.4223429997102753,2.1896769115218175
ssp126,2055,Pattern 1,31,1033.7840806566771,1050.8857697329224,17.101689076245382,7.658234161866164,25.822763833409105,1.6550481047963146,0.7393057875449993,2.49286171576072
ssp126,2055,Pattern 2,31,1279.481391623599,1409.2024329857275,129.72104136212866,51.79702645835966,209.78084221945596,10.145095506421137,4.039753867593826,16.361228175606268
ssp126,2055,Pattern 3,31,135.04487466620643,137.03541196772832,1.990537301521916,0.624559167644921,4.246956623722229,1.4764916871454785,0.4610106555364055,3.134838712751039
ssp126,2056,Pattern 1,31,1035.3244698881772,1052.5712663050585,17.24679641688121,8.855911698972166,27.21245028901262,1.6664521931404053,0.8525527479886086,2.6270183918018475
ssp126,2056,Pattern 2,31,1281.2889590903528,1409.2880244106284,127.99906532027539,59.07052419448261,213.19098246259935,9.994489560857156,4.595704098699533,16.627191845303617
ssp126,2056,Pattern 3,31,135.10799411540083,137.05745258879233,1.9494584733915385,0.519659107601021,3.7048007802255944,1.4443375919472836,0.38357996849837506,2.7374378772533077
ssp126,2057,Pattern 1,31,1033.860319594812,1051.7822058437864,17.92188624897438,10.609293106701402,26.663769982017453,1.7347873830311582,1.0241932578403037,2.574050237799274
ssp126,2057,Pattern 2,31,1279.5939635508134,1415.1874639504633,135.59350039965008,64.8739934037743,208.21715306980252,10.607357041530223,5.059652719057904,16.336161657826302
ssp126,2057,Pattern 3,31,135.04932050811178,137.18222924723293,2.132908739121208,0.675287670540162,3.5990730958829773,1.5842986752631507,0.49845527501465375,2.7195933595767507
ssp126,2058,Pattern 1,31,1033.860319594812,1051.7984623210127,17.938142726200578,10.197893574947914,24.28918877968104,1.735524596884102,0.9844778288797792,2.3778235507723013
ssp126,2058,Pattern 2,31,1279.5939635508134,1415.6715878101143,136.07762425930073,66.93545836068694,198.509523457595,10.637701596901813,5.220430501143363,15.482155443550589
ssp126,2058,Pattern 3,31,135.04932050811178,137.237359694941,2.1880391868292626,0.5904322712495723,4.763182076838737,1.6207374514570698,0.4358203073777708,3.515884171491499
ssp126,2059,Pattern 1,31,1033.860319594812,1051.5354388716412,17.67511927682913,9.38374254117251,25.691089463271346,1.7100480564106413,0.9058818290077632,2.480150218324545
ssp126,2059,Pattern 2,31,1279.5939635508134,1415.06961580523,135.4756522544164,69.56659113002527,206.6914874160916,10.589462240435573,5.425637817235771,16.12028320504326
ssp126,2059,Pattern 3,31,135.04932050811178,137.22330090871068,2.173980400598942,0.8291225953270753,4.341035829257436,1.6099620673920092,0.6120066296250278,3.204282119337599
ssp126,2060,Pattern 1,31,1035.2482309500424,1053.336146188231,18.087915238188426,7.87404734191653,28.167345967348446,1.7479517275933039,0.7601398244348881,2.719201509551195
ssp126,2060,Pattern 2,31,1281.1763871631383,1421.23390472543,140.05751756229176,61.979277925793774,225.1913817336485,10.937444488992051,4.833888059436825,17.563127026966285
ssp126,2060,Pattern 3,31,135.10354827349545,137.41957747541966,2.316029201924215,0.7338544223362409,4.468524818670608,1.7164489626653043,0.5416856013582075,3.29838654631233
ssp126,2061,Pattern 1,31,1033.860319594812,1050.9133760850705,17.053056490258502,6.367824921971566,26.41050561989814,1.6500738193757436,0.6147330728445198,2.549600762275784
ssp126,2061,Pattern 2,31,1279.5939635508134,1409.1935859638486,129.59962241303515,41.534062636877124,202.30784461954858,10.132661368308277,3.2393247575533164,16.007081512598894
ssp126,2061,Pattern 3,31,135.04932050811178,137.1891742875765,2.1398537794647527,0.4225867509791416,4.20954438215217,1.5853769792417043,0.3119272043103731,3.1103875542210764
ssp126,2062,Pattern 1,31,1033.860319594812,1051.2365374723772,17.376217877565246,8.767559058133992,25.80730159150146,1.6820989732855947,0.846397095899393,2.517790919139918
ssp126,2062,Pattern 2,31,1279.5939635508134,1407.6723423373337,128.07837878652018,61.01148336810539,198.62539778226963,10.01874909057439,4.758407822929408,15.491192714283406
ssp126,2062,Pattern 3,31,135.04932050811178,136.99352577957788,1.9442052714661626,0.580285862546948,3.273812181231363,1.4423967731849678,0.42833086078942695,2.4757044774149306
ssp126,2063,Pattern 1,31,1033.860319594812,1049.5609589368057,15.700639341993664,8.150276767032292,25.789466407522834,1.5191442541656468,0.786806286750079,2.489647269826088
ssp126,2063,Pattern 2,31,1279.5939635508134,1394.9267453841687,115.33278183335544,55.43217629591542,191.93434547171324,9.016279200060854,4.323266486360746,14.969344139219492
ssp126,2063,Pattern 3,31,135.04932050811178,136.77982338015624,1.7305028720445106,0.45912442348084664,3.175263667838022,1.28154144269307,0.3388970371531149,2.3437817597502075
ssp126,2064,Pattern 1,31,1035.3244698881772,1050.7948841497944,15.470414261616986,8.338767844817397,22.971510282639098,1.495079439210022,0.8027676520039412,2.2176091957556605
ssp126,2064,Pattern 2,31,1281.2889590903528,1397.1393477344998,115.85038864414682,64.27503655394169,177.31137735124486,9.047760347219896,5.000616685954557,13.828869558736514
ssp126,2064,Pattern 3,31,135.10799411540083,136.85222310649996,1.7442289910991842,0.4720758393950243,2.77653296219159,1.2930750767089025,0.3481616704190333,2.049463601415109
ssp126,2065,Pattern 1,31,1033.7840806566771,1049.4240232526295,15.63994259595245,8.487527259647685,24.665960630062614,1.5131327747017365,0.8193635624579041,2.381186976492072
ssp126,2065,Pattern 2,31,1279.481391623599,1396.924757144421,117.44336552082221,59.966914114043334,179.40539952133201,9.179952721390501,4.676939774035537,14.194985168957905
ssp126,2065,Pattern 3,31,135.04487466620643,136.85648048282968,1.8116058166233209,0.7246221726108445,3.6600244492301495,1.3410981751750584,0.5348709299572099,2.7016019586764672
ssp126,2066,Pattern 1,31,1033.860319594812,1049.548709837226,15.688390242413872,7.684536357919969,25.13690156565214,1.517984046865503,0.7418449323865803,2.426650376006138
ssp126,2066,Pattern 2,31,1279.5939635508134,1396.8477210178617,117.25375746704832,54.59327399456991,196.94062344550082,9.167855905951253,4.2578388151580695,15.35979378835363
ssp126,2066,Pattern 3,31,135.04932050811178,136.7857692111207,1.7364487030089564,0.6218044358374412,3.094770776091833,1.2876721331639427,0.4589772841887684,2.284366923314681
ssp126,2067,Pattern 1,31,1033.860319594812,1051.3842186930592,17.523899098247217,7.82817985417051,26.475688971504844,1.6954020684051159,0.7557118977831235,2.591873995068575
ssp126,2067,Pattern 2,31,1279.5939635508134,1407.5170765220994,127.92311297128592,51.84521265814791,192.55485231475797,10.000432354042793,4.043512005855213,15.162818677367085
ssp126,2067,Pattern 3,31,135.04932050811178,136.83264364903602,1.7833231409242922,0.514012114897198,2.9203268166627763,1.3216283697059394,0.37941171040040284,2.1556032636697444
ssp126,2068,Pattern 1,31,1035.3244698881772,1053.0785002869284,17.754030398751045,8.954313495839429,27.83262150735812,1.7156391177140893,0.8620258237348289,2.7048715769764127
ssp126,2068,Pattern 2,31,1281.2889590903528,1416.110360630755,134.8214015404022,56.13472851917237,226.36800420444905,10.527954632376302,4.367298334539616,17.61149708629112
ssp126,2068,Pattern 3,31,135.10799411540083,137.27499548308012,2.1670013676793483,0.5975568939262785,4.610823912689682,1.6052862413291538,0.4407054735662776,3.400538687824621
ssp126,2069,Pattern 1,31,1033.860319594812,1049.3407963949305,15.480476800118515,8.397026147188964,24.790045123464317,1.4973615288991915,0.810626823046989,2.393165767186834
ssp126,2069,Pattern 2,31,1279.5939635508134,1398.1188525110042,118.52488896019089,53.986514949021796,209.02833586339733,9.261886421073685,4.2105164615685045,16.30253869726873
ssp126,2069,Pattern 3,31,135.04932050811178,137.0177832126356,1.9684627045238594,0.64253524367395,3.9054546684965947,1.4564134863626739,0.4742794746066051,2.882763251527418
ssp126,2070,Pattern 1,31,1033.7840806566771,1050.3023297088687,16.518249052191628,8.601374394539963,23.504337323818042,1.5984236805391716,0.8303540654827903,2.2742357476026562
ssp126,2070,Pattern 2,31,1279.481391623599,1400.3729293977142,120.89153777411546,56.04846935712305,172.06476402639086,9.451884393308147,4.371332416932768,13.614176496200953
ssp126,2070,Pattern 3,31,135.04487466620643,136.79692253105011,1.7520478648437459,0.6213962179689018,2.921371858271883,1.2985330449809982,0.45867596319801796,2.1563746482594444
ssp126,2071,Pattern 1,31,1033.860319594812,1049.3898989748654,15.529579380053544,8.241607415456324,24.9749387773428,1.5027896814048793,0.7956231073816997,2.4165283955512247
ssp126,2071,Pattern 2,31,1279.5939635508134,1396.0031400005867,116.40917644977303,60.115949693446076,171.9702028628103,9.101240295723567,4.6885633574623835,13.412300659467888
ssp126,2071,Pattern 3,31,135.04932050811178,136.90850030508253,1.8591797969708022,0.5501967071515206,2.64122459730737,1.3774503372378368,0.4065344927952931,1.9495873987647665
ssp126,2072,Pattern 1,31,1035.3244698881772,1051.9192355688726,16.594765680695204,8.509231359515852,26.397416867852417,1.6034283022839138,0.8191780615504626,2.548337208572069
ssp126,2072,Pattern 2,31,1281.2889590903528,1404.422797939465,123.13383884911202,50.63666406562522,183.3808924754658,9.6148207890028,3.9492548798261056,14.267087192217495
ssp126,2072,Pattern 3,31,135.10799411540083,136.95289555589295,1.8449014404921784,0.5762313436668726,3.305314498206581,1.3678087778317054,0.4249776210025142,2.4985340138488668
ssp126,2073,Pattern 1,31,1033.860319594812,1050.0027065298884,16.142386935076466,7.263426170507586,25.07295147537207,1.5618923809662706,0.7011920622643288,2.420476802456572
ssp126,2073,Pattern 2,31,1279.5939635508134,1400.8287582287571,121.23479467794353,51.608114590308645,200.1325794305934,9.479175762026886,4.025020252524109,15.60874083063864
ssp126,2073,Pattern 3,31,135.04932050811178,136.94412763712828,1.8948071290165598,0.5358632029791284,4.329427630681483,1.4057543076150238,0.39554082188045653,3.195713670562319
ssp126,2074,Pattern 1,31,1033.860319594812,1050.9048376318535,17.044518037041364,8.227577135557796,25.65485848919357,1.649321705560316,0.7942686610549593,2.476652575361697
ssp126,2074,Pattern 2,31,1279.5939635508134,1406.8270582594218,127.23309470860845,52.23545875261834,199.24714489930113,9.947640272205655,4.073948080611699,15.539684017596203
ssp126,2074,Pattern 3,31,135.04932050811178,136.9350563301794,1.8857358220676756,0.47918081734436513,3.1856194809981204,1.3967785962010344,0.3537014172050202,2.351425775659143
ssp126,2075,Pattern 1,31,1033.7840806566771,1050.0733768654018,16.28929620872462,7.16612686268849,25.79553846974877,1.576774736013608,0.6917990429501674,2.525289726000762
ssp126,2075,Pattern 2,31,1279.481391623599,1402.776727834159,123.29533621056038,54.889046027216835,191.7310138633969,9.643909613505434,4.280906668556412,14.953485899716876
ssp126,2075,Pattern 3,31,135.04487466620643,137.02891536687372,1.9840407006673344,0.6609825554769098,4.290516209094891,1.4721562681160165,0.48789613055809045,3.1669916840752252
ssp126,2076,Pattern 1,31,1035.3244698881772,1051.1553202459786,15.830850357801248,7.927708503764836,24.129096960065855,1.530150085952566,0.7653201318898869,2.3592573404978046
ssp126,2076,Pattern 2,31,1281.2889590903528,1398.0349864005664,116.74602731021336,56.511293199272494,195.0764220508676,9.118641108618988,4.396595177040352,15.409577295961713
ssp126,2076,Pattern 3,31,135.10799411540083,136.80456943263033,1.6965753172295295,0.5889016368709032,3.238442409141795,1.257458060910549,0.4343221162689261,2.388390645383513
ssp126,2077,Pattern 1,31,1033.860319594812,1050.0174674409711,16.15714784615922,8.15506326835691,25.15244691961072,1.5641875748298293,0.7872683630011557,2.462333393984432
ssp126,2077,Pattern 2,31,1279.5939635508134,1401.0242896977888,121.43032614697542,47.14262463891088,194.9485972788362,9.499796234605943,3.676747744712049,15.245926669895185
ssp126,2077,Pattern 3,31,135.04932050811178,136.98523102087503,1.935910512763284,0.3373808448994053,3.2241527737673463,1.4369171139692634,0.2490335144050399,2.379868651017938
ssp126,2078,Pattern 1,31,1033.860319594812,1050.8515906312211,16.99127103640893,8.525570965104558,29.535907814692145,1.644808711439804,0.8230362017412491,2.8619801262966726
ssp126,2078,Pattern 2,31,1279.5939635508134,1408.4822031969811,128.8882396461676,53.692486519438276,239.37653415558788,10.083161637954762,4.187584595266344,18.94004506665412
ssp126,2078,Pattern 3,31,135.04932050811178,137.14861865603325,2.099298147921506,0.5206080312681653,4.198989734523555,1.5583255394066255,0.38428040481331033,3.175337224895199
ssp126,2079,Pattern 1,31,1033.860319594812,1051.1509324230349,17.29061282822274,9.564949193473668,28.608961787951706,1.6737872189259995,0.923375042711646,2.800713672226221
ssp126,2079,Pattern 2,31,1279.5939635508134,1409.7329243478089,130.13896079699558,65.04669113353589,228.49484126920294,10.178845108204667,5.07312176099779,18.079059446669905
ssp126,2079,Pattern 3,31,135.04932050811178,137.0017362721109,1.9524157639991544,0.5779654852314978,3.6252753365006596,1.4479605399913045,0.4266181028591876,2.741486036948167
ssp126,2080,Pattern 1,31,1035.2482309500424,1052.1165536549672,16.868322704924694,9.752000441548427,23.943762019987705,1.630894280924266,0.9388186171496251,2.3050500954853703
ssp126,2080,Pattern 2,31,1281.1763871631383,1410.6302881578617,129.45390099472368,55.285228311585335,193.93546303404293,10.114920124677749,4.311805718656063,15.260444850903172
ssp126,2080,Pattern 3,31,135.10354827349545,137.38626680299663,2.282718529501173,0.567850422321642,4.243964594785912,1.6940035395663253,0.41879658962640015,3.2080729078568293
ssp126,2081,Pattern 1,31,1033.860319594812,1050.4865665423245,16.626246947512435,9.340094439006242,25.72644820636675,1.6089580211339871,0.9016681560036705,2.5185260396179436
ssp126,2081,Pattern 2,31,1279.5939635508134,1403.0406052433086,123.44664169249512,63.96673612566509,188.0274573061915,9.65203630926304,4.988893906269862,14.767484421686866
ssp126,2081,Pattern 3,31,135.04932050811178,136.88164542413332,1.8323249160215958,0.6107507048075996,2.99881173642567,1.3574148370984391,0.45081810880206186,2.215790084546333
ssp126,2082,Pattern 1,31,1033.860319594812,1051.2155062605834,17.35518666577133,9.370309976275752,28.985307595464057,1.6798137209859167,0.9045850845155152,2.798165374180302
ssp126,2082,Pattern 2,31,1279.5939635508134,1410.1668034681343,130.57283991732098,60.660568969524306,215.5589468839329,10.2120655440978,4.731039305935447,16.811874134683624
ssp126,2082,Pattern 3,31,135.04932050811178,137.24058447240256,2.191263964290807,0.48629815651730657,4.20162536233243,1.6256347517178364,0.35895499343570025,3.1013780006004086
ssp126,2083,Pattern 1,31,1033.860319594812,1049.291590185559,15.431270590746943,6.90235865885171,24.517282123799927,1.4941041823852141,0.6663355541686541,2.400153062487983
ssp126,2083,Pattern 2,31,1279.5939635508134,1392.6776627245874,113.08369917377405,46.8717851266335,175.38083781339563,8.846977575708435,3.655624428529037,13.876552201454494
ssp126,2083,Pattern 3,31,135.04932050811178,136.67200840198453,1.6226878938727998,0.4927794698277828,2.840810710470696,1.204204608113638,0.3637390950113226,2.09690942945778
ssp126,2084,Pattern 1,31,1035.3244698881772,1052.197326898969,16.872857010791826,6.168157034153108,28.655447223091205,1.6312611451327588,0.5938043883277235,2.7663215212472947
ssp126,2084,Pattern 2,31,1281.2889590903528,1404.5054364620823,123.21647737172934,41.30219226933001,193.92512787562944,9.62538326980703,3.213322666182895,15.124609247385953
ssp126,2084,Pattern 3,31,135.10799411540083,136.8075506167609,1.699556501360113,0.4463957341097546,2.7657854085966136,1.2594565687996206,0.3292222805868529,2.0398003615512605
ssp126,2085,Pattern 1,31,1033.7840806566771,1050.2797551279148,16.49567447123753,9.876386346275847,27.42910091921772,1.5964758207589265,0.9534403664738385,2.6836294672749963
ssp126,2085,Pattern 2,31,1279.481391623599,1403.4763416758076,123.99495005220909,72.81927593297206,186.07236251242975,9.696292968848807,5.679321221693967,14.610346635849004
ssp126,2085,Pattern 3,31,135.04487466620643,137.0793098753778,2.034435209171421,0.614530868168455,3.754567516000137,1.507761414338209,0.45360838981834084,2.7713877587190883
ssp126,2086,Pattern 1,31,1033.860319594812,1051.6410933767472,17.780773781935224,7.907371075281262,27.266353753071265,1.7210109634918227,0.7633568100243114,2.669277211595412
ssp126,2086,Pattern 2,31,1279.5939635508134,1416.983337834582,137.38937428376872,56.41644075280725,242.35942420870708,10.745111333034663,4.400031243304089,18.902097055359484
ssp126,2086,Pattern 3,31,135.04932050811178,137.31164038501598,2.262319876904234,0.44062920474881356,4.452466739485245,1.6777388999541456,0.32524501929210853,3.3342414241751257
ssp126,2087,Pattern 1,31,1033.860319594812,1052.138283839649,18.277964244836912,9.575660973329933,29.440869918510312,1.7689609291342174,0.9244091297707855,2.8421441628797415
ssp126,2087,Pattern 2,31,1279.5939635508134,1417.121278521438,137.5273149706245,61.18529334103509,222.71092263206737,10.755158546937427,4.771963610942328,17.36967105209336
ssp126,2087,Pattern 3,31,135.04932050811178,137.20394596717657,2.1546254590648326,0.459641119752504,3.849455619496233,1.5979372721290932,0.3392784301407612,2.9110144337029054
ssp126,2088,Pattern 1,31,1035.3244698881772,1050.9358671071395,15.611397218962084,6.811325377256793,23.82410654274698,1.5085698175829685,0.6575474405487468,2.329436461497156
ssp126,2088,Pattern 2,31,1281.2889590903528,1397.277479155705,115.98852006535206,46.33596782051818,179.38796209789993,9.055935695294302,3.613834963327918,14.145504553091026
ssp126,2088,Pattern 3,31,135.10799411540083,136.85457442956076,1.7465803141599514,0.4798779316354925,2.701574237479192,1.2926731747957787,0.3542159835311351,1.9961644591958163
ssp126,2089,Pattern 1,31,1033.860319594812,1050.3411081149493,16.480788520137292,7.690609992794148,26.731595027472853,1.595096725696406,0.7424312651258264,2.580597889331708
ssp126,2089,Pattern 2,31,1279.5939635508134,1403.8617220995427,124.26775854872915,54.23499457966249,209.3727147520627,9.719273989278806,4.229895885785182,16.566070968987734
ssp126,2089,Pattern 3,31,135.04932050811178,136.97856061388885,1.9292401057771278,0.5332025483101643,3.6722517184191634,1.4327471412899373,0.393576892413661,2.7604515401386474
ssp126,2090,Pattern 1,31,1033.7840806566771,1051.1998638078235,17.41578315114645,10.158522551948291,24.793202010760666,1.6857030675638982,0.9806770538512319,2.3934705247849286
ssp126,2090,Pattern 2,31,1279.481391623599,1407.137160500759,127.65576887716014,67.5872580669043,191.15894333238418,9.98366949957342,5.2712656660964115,14.908868972873538
ssp126,2090,Pattern 3,31,135.04487466620643,136.85523834134852,1.8103636751421421,0.65394246347527,3.119450951149759,1.342441421829931,0.48269957337528435,2.3025842904940164
ssp126,2091,Pattern 1,31,1033.860319594812,1049.7568646872612,15.896545092449065,7.802860907527951,25.291065479482537,1.5385258346680664,0.7532676732541068,2.4415329548508717
ssp126,2091,Pattern 2,31,1279.5939635508134,1399.138152198539,119.54418864772556,43.57641434598207,183.37328626613223,9.348031167218043,3.398611859149319,14.508933877552078
ssp126,2091,Pattern 3,31,135.04932050811178,136.987525327321,1.9382048192092753,0.3236205327415043,3.458395837240465,1.436633246471181,0.23887650950153325,2.615289327840733
ssp126,2092,Pattern 1,31,1035.3244698881772,1050.9289978940233,15.604528005845898,7.768681510512217,25.397683957131918,1.5079592274771754,0.7478858185548742,2.483295268226369
ssp126,2092,Pattern 2,31,1281.2889590903528,1397.9868278368644,116.69786874651149,50.10520395191112,208.17768950299106,9.113626183679385,3.8981995556674245,16.236195083370962
ssp126,2092,Pattern 3,31,135.10799411540083,136.87581467722893,1.7678205618281284,0.5588956971935061,3.8556196332817545,1.3102373230245747,0.4121923709848562,2.8435663510000526
ssp126,2093,Pattern 1,31,1033.860319594812,1049.2404423734015,15.380122778589474,6.662595795795911,27.509606508940006,1.4888945835125256,0.6431894778605988,2.6930907747794914
ssp126,2093,Pattern 2,31,1279.5939635508134,1395.8567209930668,116.2627574422533,45.906490317182275,200.6888377602223,9.094251750810502,3.580339152394823,15.878981809814615
ssp126,2093,Pattern 3,31,135.04932050811178,136.8727248672783,1.823404359166552,0.40047755315599276,3.0532498063813773,1.35257616669036,0.29560757230454093,2.2560137952129686
ssp126,2094,Pattern 1,31,1033.860319594812,1049.3880643835719,15.527744788759883,8.912551632947524,25.42767880440643,1.5024328552853214,0.8603942977928091,2.4547212459943992
ssp126,2094,Pattern 2,31,1279.5939635508134,1395.2423828223682,115.64841927155483,65.97569024846703,195.66868109456772,9.042165834947019,5.1455762631988256,15.260592456098212
ssp126,2094,Pattern 3,31,135.04932050811178,136.75822666995626,1.7089061618445152,0.5123739607204914,3.487424901473315,1.266987884097814,0.3782025270755932,2.5741997287857306
ssp126,2095,Pattern 1,31,1033.7840806566771,1048.6735069143283,14.889426257651111,8.19681556838971,25.127963207014794,1.4417479445614938,0.7912990202525712,2.425787490368004
ssp126,2095,Pattern 2,31,1279.481391623599,1388.703035840819,109.2216442172203,64.53521882026747,196.83606810738533,8.546228444048882,5.033231010563412,15.351639308059879
ssp126,2095,Pattern 3,31,135.04487466620643,136.75078809326195,1.705913427055568,0.7702478525496959,2.884279167287906,1.2669888872972725,0.5685489635328252,2.1289951353613894
ssp126,2096,Pattern 1,31,1035.3244698881772,1051.088958564514,15.764488676336684,7.671241857209607,27.37068619606832,1.5236102277627506,0.7405615162478268,2.6483364379065026
ssp126,2096,Pattern 2,31,1281.2889590903528,1398.6488385402606,117.35987944990754,55.41116603918639,199.2996024339249,9.166145578699206,4.311004961486269,15.743176937903788
ssp126,2096,Pattern 3,31,135.10799411540083,136.86126579292858,1.7532716775277726,0.391221245927389,3.1209681454898117,1.299137331240011,0.2885304248148964,2.303704188805527
ssp126,2097,Pattern 1,31,1033.860319594812,1050.4874244229622,16.627104828150255,8.535390884225754,28.29518182610028,1.6089764385631955,0.8239841909103025,2.731542447192097
ssp126,2097,Pattern 2,31,1279.5939635508134,1404.9266117556374,125.33264820482384,56.32209955128576,224.32322112718438,9.801008145409456,4.392673383987082,17.54316485164582
ssp126,2097,Pattern 3,31,135.04932050811178,137.04859092817773,1.9992704200660012,0.5599531466026645,3.8536681803684,1.483007764055841,0.4133225169976681,2.844537693282982
ssp126,2098,Pattern 1,31,1033.860319594812,1049.5464597911075,15.68614019629537,6.0376997848894005,27.732296922036458,1.5179205689905244,0.5828636602227127,2.7148913591297976
ssp126,2098,Pattern 2,31,1279.5939635508134,1397.2033834779552,117.60941992714176,36.41749315870933,211.67575484094087,9.196563862015728,2.8402732530261687,16.74829302023237
ssp126,2098,Pattern 3,31,135.04932050811178,136.86209480797433,1.8127742998626113,0.2716170823506599,3.4867500280459645,1.3432484147008752,0.20049080323572105,2.5737015792792235
ssp126,2099,Pattern 1,31,1033.860319594812,1050.7128662076116,16.85254661279951,7.393183757524823,26.95473627451603,1.6307005974015891,0.7137185184985086,2.602139358538864
ssp126,2099,Pattern 2,31,1279.5939635508134,1405.7942270692115,126.20026351839805,46.16617384608719,228.7684775215126,9.866590385151646,3.60059239108387,17.842111894087846
ssp126,2099,Pattern 3,31,135.04932050811178,137.13645163507096,2.087131126959216,0.46785401731618653,3.7931871842157663,1.5454271309860177,0.345340679301179,2.79989439104957
ssp126,2100,Pattern 1,30,1033.7933875069868,1050.415581063292,16.622193556305028,7.657035392668694,25.98111570712145,1.6088374614344476,0.7391900615190137,2.543457064956156
ssp126,2100,Pattern 2,30,1279.5076713081455,1404.5298005559662,125.02212924782071,56.220675093910444,194.22822337630402,9.779735702673452,4.3847630873549015,15.172434819496363
ssp126,2100,Pattern 3,30,135.03509516899803,136.98219975376063,1.9471045847626083,0.6846083593922007,3.9209532450672944,1.4457384595179987,0.5053352266674843,2.9018580140009194
ssp585,2026,Pattern 1,33,1033.910395903519,1043.0757004603893,9.165304556870332,4.2934619938323815,13.73283749580599,0.8867012205667828,0.41447953060125353,1.3281794538459686
ssp585,2026,Pattern 2,33,1279.6451091513115,1344.8626153545686,65.2175062032574,29.959677822088313,96.61629002166622,5.09733558877791,2.3366152968441867,7.545908723386506
ssp585,2026,Pattern 3,33,135.07100836410442,135.8763613550788,0.8053529909744338,0.3383417032421443,1.3447180058179384,0.5959883280575073,0.25098395074090063,0.9927821591118201
ssp585,2027,Pattern 1,33,1033.910395903519,1043.8263019312844,9.915906027765503,4.913827193033576,15.246626069871084,0.9593431700872345,0.4752325349976666,1.4718691875626078
ssp585,2027,Pattern 2,33,1279.6451091513115,1350.3813734410471,70.73626428973597,29.80917909753694,110.93743997364224,5.530112900651929,2.3248775997958218,8.675282584645725
ssp585,2027,Pattern 3,33,135.07100836410442,136.024287121304,0.9532787571996212,0.2284264147423594,2.0553396809711644,0.7067166276425138,0.16878184738528146,1.5171236653965852
ssp585,2028,Pattern 1,33,1035.2858098154682,1046.024091207762,10.738281392293839,4.068759641769455,16.391651312678164,1.0369078789300454,0.3916967932164788,1.5815559150776868
ssp585,2028,Pattern 2,33,1281.2373776884544,1360.1095571463354,78.87217945788095,30.17168328351218,130.57579160477349,6.153831090416082,2.3579611802650726,10.163725613489241
ssp585,2028,Pattern 3,33,135.12612599519412,136.28063348339563,1.1545074882015354,0.3281561014052208,2.0988865398527206,0.8537003660153789,0.24212525460047568,1.5490075703327517
ssp585,2029,Pattern 1,33,1033.910395903519,1045.2717768603075,11.361380956788455,7.25464427263856,17.658255148536455,1.0993732072821034,0.7003442809373319,1.725984846746253
ssp585,2029,Pattern 2,33,1279.6451091513115,1365.9965764144317,86.3514672631204,45.38603794046546,149.5266423236922,6.750740178386948,3.539748028820762,11.779372114002188
ssp585,2029,Pattern 3,33,135.07100836410442,136.40191313446385,1.3309047703594818,0.35336235776183283,2.605520037825929,0.9854673205726571,0.2608300712452078,1.9289672017819957
ssp585,2030,Pattern 1,33,1033.8387775070892,1045.406000648974,11.567223141884709,4.962012301857221,16.77851436716016,1.1187766139792543,0.47927007689547,1.6204794419677306
ssp585,2030,Pattern 2,33,1279.5393597651398,1364.423590369972,84.88423060483231,31.562907849148104,121.81475875090698,6.633053955543026,2.488972095944845,9.500577087945244
ssp585,2030,Pattern 3,33,135.066831967163,136.3037934646687,1.236961497505724,0.31879724689957234,2.9814568619781836,0.9152713260645005,0.2397306851074081,2.2007256535469004
ssp585,2031,Pattern 1,33,1033.910395903519,1045.5681722336033,11.65777633008431,6.17098483755363,19.309749148563878,1.1271576071924863,0.5960114131065483,1.864112405005994
ssp585,2031,Pattern 2,33,1279.6451091513115,1366.6918052736808,87.04669612236945,43.0213713874186,141.20891744030038,6.799303559221179,3.3571897936605977,11.013166379865122
ssp585,2031,Pattern 3,33,135.07100836410442,136.40968878394398,1.3386804198396094,0.3283851247264534,2.746107094932361,0.9898867195311231,0.2424560002568864,2.0270051223196335
ssp585,2032,Pattern 1,33,1035.2858098154682,1046.6617615926573,11.3759517771892,6.09088614456049,17.64279918775421,1.0992446594879468,0.5876584513370986,1.6984605810237223
ssp585,2032,Pattern 2,33,1281.2373776884544,1364.4674716485722,83.23009396011788,45.180979029798614,131.40450823377736,6.499058108581525,3.5237550735472216,10.326283162797525
ssp585,2032,Pattern 3,33,135.12612599519412,136.29605791942063,1.169931924226522,0.4427834824602692,1.9836287042534604,0.8669793861133105,0.3267772631755755,1.4638337457037114
ssp585,2033,Pattern 1,33,1033.910395903519,1047.7035759606686,13.793180057149563,7.324479898175733,22.02808084544535,1.3345875452807845,0.7070860285837471,2.1507822098840945
ssp585,2033,Pattern 2,33,1279.6451091513115,1384.2646112717116,104.61950212040045,48.06404938297988,189.3034024982199,8.179665698319111,3.7507448582892016,14.802853792353229
ssp585,2033,Pattern 3,33,135.07100836410442,136.8104497630943,1.7394413989899309,0.4792284963893159,4.083501177568616,1.2893592160421758,0.3540968369682164,3.0266767783124746
ssp585,2034,Pattern 1,33,1033.910395903519,1046.7864885555082,12.8760926519892,6.420507718499711,20.108786044056732,1.245273223638096,0.6198189314842643,1.9412493257130392
ssp585,2034,Pattern 2,33,1279.6451091513115,1373.6072011493784,93.96209199806718,36.6533689600847,152.16433575134297,7.341938101936007,2.858669679346973,11.900369362045957
ssp585,2034,Pattern 3,33,135.07100836410442,136.3362474382406,1.2652390741362152,0.38065091938707885,2.1204900603279007,0.936483440118972,0.2809727868360107,1.5652136153191047
ssp585,2035,Pattern 1,33,1033.8387775070892,1047.5271506327317,13.6883731256426,6.296672677653779,21.505912263996247,1.3242846994438708,0.6078642222832649,2.081802322729462
ssp585,2035,Pattern 2,33,1279.5393597651398,1380.3403362466722,100.8009764815325,39.16214714480283,177.30747341054695,7.880639495214024,3.0561322245855314,13.866605386704387
ssp585,2035,Pattern 3,33,135.066831967163,136.49004212640887,1.423210159245882,0.3632913952743272,3.0482777665614673,1.0552484468138466,0.2681590679673933,2.29451044924473
ssp585,2036,Pattern 1,33,1035.2858098154682,1048.752916168614,13.467106353145745,5.746228615720311,20.936150173945915,1.3020212895481802,0.5538517638578194,2.0420450188601706
ssp585,2036,Pattern 2,33,1281.2373776884544,1381.8308586145542,100.59348092609982,37.688444224117916,176.44109277247173,7.858461905985406,2.934027827240712,13.79589746077649
ssp585,2036,Pattern 3,33,135.12612599519412,136.591851342622,1.4657253474279055,0.3979922882731101,3.085248507328944,1.0864121008234533,0.293579463218884,2.2773381779339568
ssp585,2037,Pattern 1,33,1033.910395903519,1048.6459081270923,14.735512223573409,6.741218760917529,23.117350891493313,1.4257578206373231,0.6507795321629075,2.2375667305406886
ssp585,2037,Pattern 2,33,1279.6451091513115,1389.6586470223208,110.01353787100949,47.436698180071055,181.76276344306038,8.600249615224802,3.699683129356453,14.176042078283007
ssp585,2037,Pattern 3,33,135.07100836410442,136.7403898408338,1.6693814767294484,0.47453730523730825,2.9742696345515793,1.2367024611270534,0.3505409877964197,2.2051373102740617
ssp585,2038,Pattern 1,33,1033.910395903519,1050.1488575341036,16.23846163058477,9.24471806982753,23.929348113684615,1.571039959424807,0.8938602553103785,2.3100763411907828
ssp585,2038,Pattern 2,33,1279.6451091513115,1402.572783223965,122.92767407265384,64.7554099019237,203.16112789514798,9.607612743834801,5.066117963293762,15.844943393013821
ssp585,2038,Pattern 3,33,135.07100836410442,137.08130775517435,2.0102993910699882,0.7200171423712185,3.657246830203061,1.4879040179817338,0.541347553456426,2.7122534622495875
ssp585,2039,Pattern 1,33,1033.910395903519,1048.6784617151436,14.768065811624638,8.635375742153416,23.2696143230905,1.430024502076455,0.8336364661698998,2.2719546618143185
ssp585,2039,Pattern 2,33,1279.6451091513115,1390.6434753195217,110.99836616821051,59.833964911939034,178.3710208449334,8.683819599697289,4.669158100950623,14.073186057601466
ssp585,2039,Pattern 3,33,135.07100836410442,136.74225566853949,1.6712473044351073,0.5586644931768674,3.0974834330363943,1.2395945854306027,0.4126989201020163,2.314231349045094
ssp585,2040,Pattern 1,33,1035.2141914190383,1051.9275544701934,16.713363051155056,7.997230482281413,24.365595979316602,1.615239268981859,0.7715515629343674,2.376401455289961
ssp585,2040,Pattern 2,33,1281.131628302283,1405.8677745322657,124.73614622998262,60.217149371129985,196.33618210045788,9.740494469860662,4.693880966016967,15.494480301213029
ssp585,2040,Pattern 3,33,135.12194959825274,137.11500307924769,1.993053480994976,0.536206289125027,4.262479184520347,1.4759399814929683,0.39579406669250944,3.1436302160915135
ssp585,2041,Pattern 1,33,1033.910395903519,1050.520178879016,16.609782975496994,10.169393057541146,24.414931225880483,1.606974786364611,0.9817264638755893,2.3569532579306904
ssp585,2041,Pattern 2,33,1279.6451091513115,1403.3781857575507,123.73307660623944,74.22315184228101,188.19401030220388,9.672059780916905,5.788812316492852,14.716137587184067
ssp585,2041,Pattern 3,33,135.07100836410442,136.8818811424421,1.8108727783376986,0.7537492139770229,3.195514529376786,1.3414202925122922,0.5563706967202077,2.3977204372134553
ssp585,2042,Pattern 1,33,1033.910395903519,1050.273588428556,16.363192525037064,8.332616056248675,25.056432708553075,1.5838041639533342,0.8044088422433239,2.4230318041715297
ssp585,2042,Pattern 2,33,1279.6451091513115,1405.6589713955411,126.01386224422977,55.26447401233024,211.97353232064137,9.854106772174985,4.310187049276415,16.53224046960001
ssp585,2042,Pattern 3,33,135.07100836410442,137.1950539200683,2.124045555963888,0.6207342172731249,4.337276111661789,1.5733082990819296,0.4581873155397401,3.2015069301110333
ssp585,2043,Pattern 1,33,1033.910395903519,1050.9209546823442,17.010558778825377,8.346925339407386,27.383137810035073,1.6466797789130236,0.8057902228111228,2.673388933561939
ssp585,2043,Pattern 2,33,1279.6451091513115,1408.0652394655767,128.42013031426555,58.800308883989416,202.12636257549426,10.043126517950872,4.585953894877894,15.948932103173982
ssp585,2043,Pattern 3,33,135.07100836410442,137.1441994601687,2.073191096064322,0.7029257719452995,3.154385848037403,1.5357480698463772,0.5188559990879378,2.3558023563912247
ssp585,2044,Pattern 1,33,1035.2858098154682,1054.123877423451,18.83806760798276,10.879551863430791,28.59160390789538,1.8203420812537516,1.0483469427633685,2.752494752618994
ssp585,2044,Pattern 2,33,1281.2373776884544,1422.7526143232994,141.51523663484485,65.03018973028088,221.6659148662021,11.048842050062781,5.075022243163366,17.295003126728176
ssp585,2044,Pattern 3,33,135.12612599519412,137.50943994991968,2.3833139547255775,0.5783210266685078,3.77641364071678,1.7649855012550213,0.4267023422398358,2.7851509686031073
ssp585,2045,Pattern 1,33,1033.8387775070892,1051.452415365525,17.613637858435684,10.41249868918134,25.305076011745193,1.7043569622347203,1.0056554113655747,2.4428854947927743
ssp585,2045,Pattern 2,33,1279.5393597651398,1409.0211180797708,129.481758314631,71.10294351405163,183.86801500986041,10.122986380212383,5.5572328011353465,14.340234865799015
ssp585,2045,Pattern 3,33,135.066831967163,136.94025274071598,1.8734207735529702,0.8167342397345152,2.830632648838107,1.387828793443472,0.6033421502062023,2.0893966186491206
ssp585,2046,Pattern 1,33,1033.910395903519,1053.940692547447,20.030296643928086,12.20125993694525,29.883144935929455,1.9386682594353168,1.1778775493235172,2.8927905447494178
ssp585,2046,Pattern 2,33,1279.6451091513115,1429.9449912544605,150.29988210314926,86.68299726332666,230.67645548192795,11.75374665789053,6.760580623883145,18.04195685564704
ssp585,2046,Pattern 3,33,135.07100836410442,137.44971581238903,2.378707448284619,1.0488486101937746,4.167313957572631,1.7630940570602494,0.774194680653187,3.1513835407857145
ssp585,2047,Pattern 1,33,1033.910395903519,1055.053628659413,21.143232755894278,13.950271882840736,33.66341077373799,2.046577742949121,1.346722563298747,3.283589240783083
ssp585,2047,Pattern 2,33,1279.6451091513115,1440.1462186549288,160.5011095036177,99.12205902924184,256.6757043048932,12.552757002915703,7.730727972370257,20.20649652389011
ssp585,2047,Pattern 3,33,135.07100836410442,137.6816583847009,2.6106500205965424,1.1896626279239357,4.182373040804093,1.9354747654812234,0.8781348131265981,3.1576780279215044
ssp585,2048,Pattern 1,33,1035.2858098154682,1056.51737790992,21.231568094451866,10.267618953934925,30.084609711745316,2.051378758164293,0.9884568694935285,2.897759147926943
ssp585,2048,Pattern 2,33,1281.2373776884544,1441.276225981629,160.0388482931747,79.82588714311721,218.6613291168383,12.493298981712583,6.2104774204833575,17.22340066298011
ssp585,2048,Pattern 3,33,135.12612599519412,137.75253665470666,2.6264106595125716,1.0936713738133983,4.132207847922342,1.943743466225838,0.8071105910914208,3.049645167636958
ssp585,2049,Pattern 1,33,1033.910395903519,1056.3441771226123,22.43378121909329,12.093101207372671,31.110192327800505,2.1705981296153953,1.1674361899897048,3.026637105235505
ssp585,2049,Pattern 2,33,1279.6451091513115,1451.8144562346652,172.16934708335384,80.56379959319001,234.39459760753886,13.458554395737714,6.2833321379226925,18.545862307378602
ssp585,2049,Pattern 3,33,135.07100836410442,138.1603294685117,3.0893211044073143,1.1874649728905753,5.6060766661335375,2.2876064475331437,0.8765126411370449,4.138056428804045
ssp585,2050,Pattern 1,33,1033.8387775070892,1056.4486714810364,22.609893973947123,13.653241645840392,31.26353517258941,2.1886223250205474,1.3180480453029815,3.052422140056704
ssp585,2050,Pattern 2,33,1279.5393597651398,1451.4807934058715,171.94143364073182,94.59550311225891,245.43772824886386,13.448832187953391,7.381998876879547,19.201834517527754
ssp585,2050,Pattern 3,33,135.066831967163,137.964753309528,2.8979213423649806,1.1352741042060053,5.138877996584202,2.1491037754251625,0.8379885943665599,3.7931994863836156
ssp585,2051,Pattern 1,33,1033.910395903519,1055.403782008597,21.493386105077935,12.837629060884566,29.778390743985106,2.0800971099269554,1.2393109511233693,2.9073495307967607
ssp585,2051,Pattern 2,33,1279.6451091513115,1444.3848145373663,164.7397053860549,95.21746450888038,241.0074234431388,12.881812184089442,7.426200822965329,18.796651806951544
ssp585,2051,Pattern 3,33,135.07100836410442,137.90453217918773,2.8335238150833235,1.2465992765912555,5.388802417061748,2.1006039563002754,0.9201618989272026,4.056212090616835
ssp585,2052,Pattern 1,33,1035.2858098154682,1058.8093588283903,23.523549012921976,15.134468483260097,34.79317558831663,2.2741283839136934,1.4569852470692457,3.3919172234165873
ssp585,2052,Pattern 2,33,1281.2373776884544,1461.8629755795678,180.62559789111333,106.39399167133335,278.60473470727567,14.11002972803231,8.27748374114853,21.956294080800642
ssp585,2052,Pattern 3,33,135.12612599519412,138.2768900259234,3.150764030729275,1.2293269872696657,5.743375633342458,2.335791776103113,0.9066435976208859,4.323256307970943
ssp585,2053,Pattern 1,33,1033.910395903519,1058.3697461031861,24.45935019966711,14.153760672071918,34.8756455704629,2.367464785866123,1.3663668359077314,3.366803112785511
ssp585,2053,Pattern 2,33,1279.6451091513115,1466.201250995407,186.5561418440959,99.81468874414313,274.39513714681914,14.590565065615024,7.7847475515025115,21.40062649018917
ssp585,2053,Pattern 3,33,135.07100836410442,138.34346339752523,3.2724550334208233,1.3835824073665108,5.974959584140833,2.4263339798018864,1.02127430938826,4.518351504595777
ssp585,2054,Pattern 1,33,1033.910395903519,1060.150268115081,26.239872211561863,15.511408969131725,36.09042597405795,2.539203378143841,1.4974306323720512,3.4941813982401135
ssp585,2054,Pattern 2,33,1279.6451091513115,1484.4008946733618,204.75578552205053,117.55528045857454,308.27854630939845,16.0121944286294,9.168371842163133,24.04326145538035
ssp585,2054,Pattern 3,33,135.07100836410442,138.6186655197062,3.5476571556018186,1.4721284745565129,6.525226070708223,2.6329046888187264,1.086633498069069,4.913412407043502
ssp585,2055,Pattern 1,33,1033.8387775070892,1059.0579988147167,25.219221307627457,14.476183367825795,39.18099735092874,2.4410995858466764,1.3974926750983963,3.7824304521224343
ssp585,2055,Pattern 2,33,1279.5393597651398,1472.2843376305536,192.74497786541394,99.55100341551262,315.3585511764015,15.075751874542265,7.764182204435355,24.66270667257205
ssp585,2055,Pattern 3,33,135.066831967163,138.34613454962928,3.279302582466273,1.0707660822437903,5.521033378368279,2.4323465265252713,0.7903727926414862,4.0752827736042185
ssp585,2056,Pattern 1,33,1035.2858098154682,1060.6007093928213,25.314899577353067,14.067400560803916,36.20276698073793,2.446931173160145,1.3550279689964748,3.4871172761438314
ssp585,2056,Pattern 2,33,1281.2373776884544,1478.1381715874898,196.90079389903522,95.1556743922092,298.55504476477165,15.379406115024542,7.417321494287658,23.27395352365952
ssp585,2056,Pattern 3,33,135.12612599519412,138.64327909791103,3.517153102716902,0.9616971876386096,6.1185562762277135,2.607369023771755,0.709710485920011,4.543428542631233
ssp585,2057,Pattern 1,33,1033.910395903519,1061.4690495226484,27.55865361912937,14.093137202287801,38.54286065259272,2.6670087112786796,1.3605144055530118,3.7208264133384183
ssp585,2057,Pattern 2,33,1279.6451091513115,1495.8531000356206,216.2079908843095,103.82507546586653,310.2138376356647,16.907941137678115,8.097525646643808,24.19419870322584
ssp585,2057,Pattern 3,33,135.07100836410442,139.13856739837743,4.067559034273058,1.4980701277604478,6.966153753736505,3.0182319273435527,1.10668042966074,5.141980575975256
ssp585,2058,Pattern 1,33,1033.910395903519,1062.6395301194132,28.729134215894213,18.331906948945665,39.056179442701094,2.779170959338048,1.7728498958420051,3.770380859488997
ssp585,2058,Pattern 2,33,1279.6451091513115,1501.8599723029956,222.2148631516843,144.62423832512147,301.4355001343008,17.368693921112303,11.303489909769972,23.509558574304783
ssp585,2058,Pattern 3,33,135.07100836410442,139.1543782709881,4.083369906883715,1.6691622285678256,7.147201172510485,3.0247876925955164,1.2320715362970116,5.298686802617305
ssp585,2059,Pattern 1,33,1033.910395903519,1062.5828799086562,28.67248400513738,15.271674468201919,40.63832201272448,2.7742382747784844,1.478491071076944,3.9303224370080283
ssp585,2059,Pattern 2,33,1279.6451091513115,1506.1781775666814,226.53306841537028,107.24987445128804,324.70971703731675,17.71162517140897,8.390821543071956,25.324761379909116
ssp585,2059,Pattern 3,33,135.07100836410442,139.38630751131694,4.31529914721256,1.5049085980720325,7.792434032647062,3.199454213951865,1.1163434238103673,5.79393053853147
ssp585,2060,Pattern 1,33,1035.2141914190383,1064.757164404162,29.54297298512347,17.465149789868498,41.08635182458513,2.855373958038507,1.6860396335600796,3.966368362602265
ssp585,2060,Pattern 2,33,1281.131628302283,1515.9011984999488,234.76957019766596,134.2751719785707,320.35868038919,18.336658277424874,10.472389679711268,24.942227144353094
ssp585,2060,Pattern 3,33,135.12194959825274,139.9541921266712,4.832242528418467,1.904610263580881,8.474021942605205,3.5839569911744067,1.404927568156035,6.2765182242115225
ssp585,2061,Pattern 1,33,1033.910395903519,1064.2555775362162,30.345181632697315,21.52717035934053,41.67316726976533,2.936807943498641,2.078176417662502,4.0593520741665765
ssp585,2061,Pattern 2,33,1279.6451091513115,1519.950065321763,240.30495617045187,143.91148141340238,364.0144488909599,18.79462205946282,11.22394475864977,28.390216163266995
ssp585,2061,Pattern 3,33,135.07100836410442,139.9539344441639,4.882926080059519,2.151063900464459,9.464958959875649,3.6258540718846795,1.587781318771075,7.124925666826441
ssp585,2062,Pattern 1,33,1033.910395903519,1063.2187015323193,29.30830562880045,17.13586719940365,42.43914432404355,2.836602457121863,1.6542515581731094,4.108229164712817
ssp585,2062,Pattern 2,33,1279.6451091513115,1506.1223640565372,226.47725490522603,126.56791632920266,336.5563175923461,17.713319940934323,9.871285370314297,26.312288493575522
ssp585,2062,Pattern 3,33,135.07100836410442,139.2870074573537,4.215999093249303,1.5567425278717801,7.73591616159256,3.1311114478016067,1.1500203485444505,5.7101712144877546
ssp585,2063,Pattern 1,33,1033.910395903519,1065.1675187984495,31.257122894930607,16.840753295436876,42.527596345402614,3.0251109027717473,1.625762037929128,4.1055023186797115
ssp585,2063,Pattern 2,33,1279.6451091513115,1521.558179439511,241.91307028819972,122.9627304231209,342.11408273695423,18.91937812449191,9.590109698595056,26.682162730055165
ssp585,2063,Pattern 3,33,135.07100836410442,139.70589241618526,4.634884052080893,1.605044601594618,8.928901366508134,3.439525161839929,1.1847438998237256,6.724114997215241
ssp585,2064,Pattern 1,33,1035.2858098154682,1068.592992719805,33.30718290433677,21.281777102384815,46.53119914699814,3.2192583826751657,2.0499376594863827,4.4795276927368946
ssp585,2064,Pattern 2,33,1281.2373776884544,1543.4638431003991,262.2264654119446,154.52086561140877,373.05536447394354,20.48088773724596,12.045303068453531,29.08182420051527
ssp585,2064,Pattern 3,33,135.12612599519412,140.299598269869,5.173472274674886,2.0957590662764516,8.270563781071267,3.8374458111309164,1.5456477888080908,6.13290093472559
ssp585,2065,Pattern 1,33,1033.8387775070892,1068.2012283271495,34.36245082006026,18.672536149899226,46.09201522712341,3.3260717419106953,1.8058399719995297,4.449601944362705
ssp585,2065,Pattern 2,33,1279.5393597651398,1552.974080437376,273.4347206722361,123.96716968267484,382.3422583284952,21.38699922545907,9.689440940604694,29.819638740629177
ssp585,2065,Pattern 3,33,135.066831967163,140.77537869242306,5.708546725260085,1.6760330406171027,11.002458306773324,4.236738734699289,1.2371431415683725,8.121329057811947
ssp585,2066,Pattern 1,33,1033.910395903519,1069.9277899078381,36.01739400431918,19.8393540451751,48.07581252368477,3.486099028287405,1.9152390690516696,4.6438235473274485
ssp585,2066,Pattern 2,33,1279.6451091513115,1567.9380913714833,288.29298222017223,152.1164681440434,423.18170017885296,22.545935409596417,11.863868112267562,33.00478863138568
ssp585,2066,Pattern 3,33,135.07100836410442,141.35872983096303,6.287721466858648,2.2548943189995057,10.926871313971215,4.662229400553155,1.6644224631064581,8.224847459936052
ssp585,2067,Pattern 1,33,1033.910395903519,1069.4769085844632,35.56651268094425,20.041019202910913,51.6133902543474,3.4416997805562954,1.9347072930715958,4.982620970231513
ssp585,2067,Pattern 2,33,1279.6451091513115,1561.5518460328578,281.90673688154664,143.8592928231474,427.52572749626444,22.043332448919845,11.21987446593719,33.73490312901734
ssp585,2067,Pattern 3,33,135.07100836410442,141.0448821077706,5.9738737436662275,2.2858686774154005,11.990530204927909,4.431431942320641,1.6872858041922616,8.850662157193039
ssp585,2068,Pattern 1,33,1035.2858098154682,1070.835634115427,35.54982429995881,20.3557266447208,49.80845910124203,3.4353983146418132,1.960846404249226,4.809555609497637
ssp585,2068,Pattern 2,33,1281.2373776884544,1564.1843587892943,282.9469811008399,159.5328702406561,408.0533299290982,22.09590601274457,12.411704071364314,31.84162989400456
ssp585,2068,Pattern 3,33,135.12612599519412,141.09098780888976,5.964861813695661,2.486075567047962,11.364948880136465,4.424000239568697,1.8338233575594842,8.525406869670626
ssp585,2069,Pattern 1,33,1033.910395903519,1070.2461374258999,36.335741522380935,22.62585268935337,52.74644670069419,3.516582020516931,2.184240320656816,5.153366688349029
ssp585,2069,Pattern 2,33,1279.6451091513115,1571.590518088137,291.9454089368258,178.6426659540972,417.56615700470087,22.83018041183123,13.932699424077915,32.94810023098275
ssp585,2069,Pattern 3,33,135.07100836410442,141.44774491186348,6.376736547759076,2.556672171039268,9.748256987202076,4.730396548211871,1.8871760669320516,7.371773985253556
ssp585,2070,Pattern 1,33,1033.8387775070892,1073.2301586816313,39.391381174542076,25.715014060619485,54.865496524133576,3.8125991100428895,2.482459836039323,5.310955399246285
ssp585,2070,Pattern 2,33,1279.5393597651398,1593.7319406998633,314.19258093472365,198.8271637180531,474.3489573817412,24.572476615859504,15.506928843848396,37.12853220288695
ssp585,2070,Pattern 3,33,135.066831967163,141.90662824854596,6.839796281382941,3.5728170152139436,11.068691912928443,5.072548416530438,2.6372308655820245,8.177828412939697
ssp585,2071,Pattern 1,33,1033.910395903519,1072.3699375716915,38.459541668172385,25.8416634629806,52.73118811462883,3.7219386350376578,2.4946862363002245,5.104370418583023
ssp585,2071,Pattern 2,33,1279.6451091513115,1583.2416329709145,303.59652381960325,171.97311293357893,445.72412141065513,23.740647967898294,13.412527621717391,34.78605403002813
ssp585,2071,Pattern 3,33,135.07100836410442,141.5403441664911,6.4693358023867376,2.253687326389174,10.822587730040237,4.798860764018389,1.6635315363803085,8.02845615359986
ssp585,2072,Pattern 1,33,1035.2858098154682,1074.1338977067576,38.84808789128936,23.646934962889254,56.000727008318755,3.755914799006988,2.2855495708676377,5.395460123132724
ssp585,2072,Pattern 2,33,1281.2373776884544,1581.5993494716602,300.3619717832057,169.94274669422975,428.23392020689465,23.465992232596477,13.275505751477384,33.416723251393854
ssp585,2072,Pattern 3,33,135.12612599519412,141.10085005271617,5.974724057522065,2.2233141905406693,10.904709474983871,4.4319519739962985,1.6397212435971553,8.043717467737117
ssp585,2073,Pattern 1,33,1033.910395903519,1072.0789030973797,38.16850719386068,21.670133724970036,53.17187828385796,3.6945677094404648,2.0919777250373928,5.133073306329314
ssp585,2073,Pattern 2,33,1279.6451091513115,1581.1036328289251,301.458523677614,149.57235537880604,437.6703545431615,23.579590883450408,11.665447660637492,34.23221232373686
ssp585,2073,Pattern 3,33,135.07100836410442,141.5501756983973,6.479167334292926,1.9418002603938294,12.559568352291212,4.809002602273198,1.4333159408106912,9.311221909364003
ssp585,2074,Pattern 1,33,1033.910395903519,1073.8726803606442,39.96228445712509,23.730371920753097,58.3414954680942,3.867720907811125,2.2908677027620388,5.63213455503454
ssp585,2074,Pattern 2,33,1279.6451091513115,1600.2853211038894,320.6402119525783,180.51251610804204,473.99438387212575,25.076308255615288,14.078532783784231,36.96777163462315
ssp585,2074,Pattern 3,33,135.07100836410442,142.32264271248187,7.251634348377479,2.765572461944744,12.302904478102965,5.38079103542232,2.0413732431823433,9.124493365334098
ssp585,2075,Pattern 1,33,1033.8387775070892,1074.5704783057745,40.73170079868522,25.847807494202588,59.48485185713075,3.942011020063089,2.495279364917771,5.807952598568977
ssp585,2075,Pattern 2,33,1279.5393597651398,1603.5575569239847,324.01819715884517,192.89703302626273,484.065631954168,25.339365003633844,15.044426070320348,37.7532484500468
ssp585,2075,Pattern 3,33,135.066831967163,142.12104111798817,7.054209150825185,3.2698083771391326,13.365618601718605,5.235702367006109,2.4135687722069417,10.063699674568786
ssp585,2076,Pattern 1,33,1035.2858098154682,1075.6975418857878,40.41173207031981,24.892247907383076,56.77673863762043,3.9062209695868475,2.3963602030399866,5.478158949742929
ssp585,2076,Pattern 2,33,1281.2373776884544,1602.6561624126202,321.4187847241658,191.42615454629887,472.0916061808747,25.107810935588596,14.900353207675586,37.136088695662096
ssp585,2076,Pattern 3,33,135.12612599519412,142.4648035507835,7.338677555589381,2.730483180625539,14.211232780382327,5.447262047001237,2.015080263989938,10.538326156965988
ssp585,2077,Pattern 1,33,1033.910395903519,1075.025193219854,41.114797316334865,26.249876190687704,58.3559573739858,3.9795314624695024,2.5340940195782764,5.633530669399628
ssp585,2077,Pattern 2,33,1279.6451091513115,1610.9752771228125,331.3301679715015,188.56362811868271,489.38139825419944,25.9143661845095,14.706455139704868,38.27584152300897
ssp585,2077,Pattern 3,33,135.07100836410442,142.62931401491812,7.558305650813746,2.6867059295512985,12.225972841668275,5.606858542420863,1.9831588838676208,9.067687704095304
ssp585,2078,Pattern 1,33,1033.910395903519,1076.2691115321365,42.35871562861746,26.537887165882093,59.54092368961658,4.09918988367786,2.5618978417567573,5.828840636388099
ssp585,2078,Pattern 2,33,1279.6451091513115,1623.5128695417986,343.8677603904873,206.29442644945033,502.1108954075979,26.891065509109307,16.08931562475274,39.27059161779674
ssp585,2078,Pattern 3,33,135.07100836410442,142.92714279030733,7.856134426202958,3.1453662533793416,12.52796218374741,5.830761818437969,2.3217133515793487,9.295930842504768
ssp585,2079,Pattern 1,33,1033.910395903519,1078.1846485613344,44.27425265781547,30.722331682525443,58.35190876092582,4.284220263952879,2.9658531117875073,5.633139826941234
ssp585,2079,Pattern 2,33,1279.6451091513115,1637.2237058301394,357.57859667882826,217.61860556685883,505.3018059936909,27.96059545433591,16.972511041842036,39.40950020955707
ssp585,2079,Pattern 3,33,135.07100836410442,143.37277793853258,8.301769574428189,3.133521460385078,12.89835642464745,6.160698098304305,2.3129702635488436,9.606129981278256
ssp585,2080,Pattern 1,33,1035.2141914190383,1080.889357857609,45.67516643857051,30.522222338221205,65.17728135008028,4.4146654564399235,2.945352490476842,6.2818112865767555
ssp585,2080,Pattern 2,33,1281.131628302283,1648.932357821877,367.800729519594,235.0716946714966,530.0441045176395,28.726531848658453,18.299058312701714,41.86951715109668
ssp585,2080,Pattern 3,33,135.12194959825274,144.0131847526986,8.89123515444589,4.328159449390993,15.334878133961555,6.592641101849867,3.1942187679691836,11.45649363458913
ssp585,2081,Pattern 1,33,1033.910395903519,1080.7514637194438,46.84106781592489,31.23051050069206,58.469349387660124,4.533363824893392,3.0149113585631335,5.656555100367373
ssp585,2081,Pattern 2,33,1279.6451091513115,1664.875420313047,385.23031116173576,222.92698663592262,513.6438657799227,30.123886708682427,17.386522316633105,40.060114165402986
ssp585,2081,Pattern 3,33,135.07100836410442,144.5905283540429,9.519519989938535,3.8474479716897685,15.177475862545107,7.056574662676631,2.8421990358953617,11.229006059647263
ssp585,2082,Pattern 1,33,1033.910395903519,1081.7611908976355,47.85079499411642,30.951581553377682,67.32599575581538,4.630065679656954,2.9879842914736745,6.499474586759735
ssp585,2082,Pattern 2,33,1279.6451091513115,1666.2178678152095,386.57275866389836,243.3989117505233,537.6209073500667,30.228378369514896,18.98316877133421,41.930131674889076
ssp585,2082,Pattern 3,33,135.07100836410442,144.2140251038425,9.143016739738124,3.621085904452184,14.152508208773993,6.786644757062154,2.6728599515397966,10.634553132969055
ssp585,2083,Pattern 1,33,1033.910395903519,1080.5465846182808,46.63618871476167,27.98295091857472,65.04338380378648,4.513353599589187,2.7014004964362033,6.361941108742775
ssp585,2083,Pattern 2,33,1279.6451091513115,1653.102902357143,373.4577932058319,203.90595777897093,525.4278480589965,29.20646832218341,15.90303416790207,41.089882990880014
ssp585,2083,Pattern 3,33,135.07100836410442,143.94941212159412,8.878403757489727,2.8372908691107828,15.08777769552604,6.589354849372742,2.0943113019195416,11.189585040547279
ssp585,2084,Pattern 1,33,1035.2858098154682,1082.8869576099246,47.601147794456494,31.872599854684214,64.20110840989805,4.599540869350382,3.076896976330109,6.184030430460829
ssp585,2084,Pattern 2,33,1281.2373776884544,1669.4179970999062,388.18061941145163,233.52205025802465,538.0329265214616,30.311285465672402,18.20301408249265,42.064685051187176
ssp585,2084,Pattern 3,33,135.12612599519412,144.68374010706705,9.557614111872947,3.8119244319989583,16.4793819471632,7.086543237680655,2.8132172104041744,12.21925145567583
ssp585,2085,Pattern 1,33,1033.8387775070892,1084.1693907159172,50.330613208827934,33.59736256685783,69.52313915630715,4.871592250959253,3.2434010330487193,6.711581032934795
ssp585,2085,Pattern 2,33,1279.5393597651398,1687.717457306096,408.1780975409564,264.6578456122997,580.0520557474586,31.926551503800326,20.64119561498079,45.23942194819485
ssp585,2085,Pattern 3,33,135.066831967163,145.18318747210247,10.116355504939492,4.093054409564299,18.216050132601815,7.508766687270802,3.0236144809870913,13.618279158404865
ssp585,2086,Pattern 1,33,1033.910395903519,1084.4092115044498,50.49881560093067,37.71722074331441,67.39022143612361,4.886774524464109,3.6411213076370226,6.579152414939765
ssp585,2086,Pattern 2,33,1279.6451091513115,1694.2434569831407,414.59834783182947,287.8045284498112,577.7104367436551,32.417399833648155,22.446451783304976,45.05679439071043
ssp585,2086,Pattern 3,33,135.07100836410442,145.50531596797074,10.434307603866364,4.32324834826994,18.273553893117388,7.7384764598226266,3.19115250937397,13.48839869089125
ssp585,2087,Pattern 1,33,1033.910395903519,1082.9032197405263,48.99282383700733,33.15482511545676,68.14021552379988,4.7413297007085315,3.2006796312071097,6.596097938906359
ssp585,2087,Pattern 2,33,1279.6451091513115,1674.6218539816218,394.97674483031057,250.72416429846947,572.7066681218245,30.88713466755516,19.554479893517193,44.66654045096285
ssp585,2087,Pattern 3,33,135.07100836410442,144.5601582997593,9.489149935654924,4.01443193451716,13.871244919497576,7.037321718671814,2.963203477929264,10.43979780187633
ssp585,2088,Pattern 1,33,1035.2858098154682,1085.4419148216632,50.15610500619493,33.30903062025575,68.16987241409338,4.846727846612275,3.215566225134581,6.577311971569488
ssp585,2088,Pattern 2,33,1281.2373776884544,1688.2951462571643,407.05776856870983,244.87732258499676,554.8170506445313,31.789132748556437,19.088714722246152,43.164929183303514
ssp585,2088,Pattern 3,33,135.12612599519412,145.39538144470876,10.269255449514647,3.493841044476066,18.093809038470464,7.615770925646197,2.577242861032841,13.618667739452189
ssp585,2089,Pattern 1,33,1033.910395903519,1086.4757667081126,52.56537080459359,35.050070540317975,67.00045422381791,5.087050419532673,3.3836416406994703,6.544391951691365
ssp585,2089,Pattern 2,33,1279.6451091513115,1714.0729172528945,434.42780810158325,268.1374434007638,558.5244465693639,33.97161049774444,20.912576417794238,43.82762076283501
ssp585,2089,Pattern 3,33,135.07100836410442,146.47127480427295,11.40026644016855,4.617350973077663,19.044598686589346,8.456342233870531,3.41085622188684,14.057535906548182
ssp585,2090,Pattern 1,33,1033.8387775070892,1085.3163982010967,51.4776206940074,32.42072161970151,72.39266409206276,4.981745151618131,3.1298112101589055,7.007155448198113
ssp585,2090,Pattern 2,33,1279.5393597651398,1704.2530008582905,424.71364109315084,252.6585925410849,609.0132666828222,33.216167513837206,19.705349827739585,48.04975358866556
ssp585,2090,Pattern 3,33,135.066831967163,146.13209355012017,11.065261582957163,3.9032601337641455,20.097727481363584,8.212684717219425,2.881143382749543,14.834889952721046
ssp585,2091,Pattern 1,33,1033.910395903519,1089.2286522882487,55.318256384729764,33.31029335819252,74.88986769377159,5.352733945837019,3.215688126534444,7.239255178764428
ssp585,2091,Pattern 2,33,1279.6451091513115,1733.1403027218137,453.49519357050235,229.0637954767513,636.1298851971419,35.4589221501025,17.86514433307939,50.17617554194603
ssp585,2091,Pattern 3,33,135.07100836410442,146.92535889014596,11.854350526041571,3.6773234371797843,20.491437764905793,8.793038331179767,2.714370993522036,15.422385642469784
ssp585,2092,Pattern 1,33,1035.2858098154682,1089.6045757089605,54.31876589349228,38.98698488200844,68.81365128777092,5.248275278351507,3.7553504436234317,6.711742149137202
ssp585,2092,Pattern 2,33,1281.2373776884544,1726.4760512011753,445.238673512721,292.79350620429614,604.2718022384325,34.76794661033587,22.824013378167876,47.128368500709996
ssp585,2092,Pattern 3,33,135.12612599519412,146.55016541372495,11.424039418530839,4.940921139025648,16.589322154655587,8.471235728113921,3.647080070644162,12.393954555376283
ssp585,2093,Pattern 1,33,1033.910395903519,1088.282144221652,54.37174831813298,35.92677641837794,71.84823515711156,5.261463178550776,3.4682765207416484,7.014202802275116
ssp585,2093,Pattern 2,33,1279.6451091513115,1724.3737505701943,444.7286414188831,275.0256773678483,603.5343944195844,34.776493138906694,21.449803585299517,47.20377219858347
ssp585,2093,Pattern 3,33,135.07100836410442,146.66271028590643,11.59170192180206,4.888139566972121,18.690649983922423,8.59874404661415,3.608120003458866,13.796273032034572
ssp585,2094,Pattern 1,33,1033.910395903519,1088.8830300693985,54.9726341658794,38.048596908749865,74.29812424792635,5.320215078182363,3.673111491246295,7.253453227169529
ssp585,2094,Pattern 2,33,1279.6451091513115,1732.4645295779144,452.81942042660324,278.15570434849656,624.0850625034897,35.41336028960677,21.69392066045463,49.23945145881286
ssp585,2094,Pattern 3,33,135.07100836410442,147.11885319553602,12.047844831431622,4.256833421357404,18.4729089958971,8.93981077081116,3.1421291492513337,13.904523060952203
ssp585,2095,Pattern 1,33,1033.8387775070892,1090.6135033948747,56.77472588778548,33.0973238146664,77.20043555272918,5.495092118634617,3.1951286068368496,7.491106658808574
ssp585,2095,Pattern 2,33,1279.5393597651398,1750.4588072854822,470.91944752034243,250.83393911784594,621.4622419774678,36.82983171684251,19.563041451611593,49.02906081386229
ssp585,2095,Pattern 3,33,135.066831967163,148.03213835358596,12.96530638642296,4.866872701825286,20.943258185355766,9.617258279821945,3.5960804556231563,15.459008025622676
ssp585,2096,Pattern 1,33,1035.2858098154682,1093.3634892839677,58.07767946849956,37.046222089855526,80.25910903179566,5.6116243281939475,3.5763448621207403,7.7673929094641645
ssp585,2096,Pattern 2,33,1281.2373776884544,1760.5148735503083,479.2774958618537,273.2716438128317,677.4347293231011,37.424681379368906,21.313002994179406,52.73023503933594
ssp585,2096,Pattern 3,33,135.12612599519412,148.422461695005,13.296335699810905,5.527992745166581,21.41319147714511,9.858453386357175,4.08041974447265,16.110609475008285
ssp585,2097,Pattern 1,33,1033.910395903519,1094.1885652890137,60.278169385494785,41.193983914121,79.32584880432573,5.832593621932991,3.9767588814918104,7.691314582823166
ssp585,2097,Pattern 2,33,1279.6451091513115,1784.2995717448075,504.65446259349636,349.70483398093666,664.6624101112712,39.457694944305345,27.27418062746231,51.83835299985431
ssp585,2097,Pattern 3,33,135.07100836410442,149.12790687501732,14.05689851091295,7.246861653315304,22.353303120648686,10.42663985966662,5.349181653956458,16.499815324003006
ssp585,2098,Pattern 1,33,1033.910395903519,1092.9852400084726,59.07484410495348,41.982960686754765,77.9085913745372,5.716773619364676,4.052924624392597,7.541818940402441
ssp585,2098,Pattern 2,33,1279.6451091513115,1774.0221449195267,494.37703576821525,331.61679266498186,641.6383855014266,38.657676465601256,25.863458046271894,50.62376655633608
ssp585,2098,Pattern 3,33,135.07100836410442,149.2127982854329,14.141789921328536,5.8603237494511164,21.813414034780955,10.486815908371334,4.32572578123775,16.30197788163491
ssp585,2099,Pattern 1,33,1033.910395903519,1091.949889506633,58.03949360311421,39.1024092799301,76.01362381381387,5.61588960361359,3.7748437664069985,7.338155354096248
ssp585,2099,Pattern 2,33,1279.6451091513115,1760.968176501192,481.32306734988083,321.992271887542,636.7755788996126,37.63510572177005,25.11282238834168,49.66340316305625
ssp585,2099,Pattern 3,33,135.07100836410442,148.23960385537902,13.16859549127462,6.203420562207368,20.539735580691517,9.767762669741014,4.5789784669002485,15.23385536233112
ssp585,2100,Pattern 1,32,1033.84921195583,1093.5698322960172,59.720620340187324,37.50603714541845,82.00213779598305,5.779231388152085,3.6207341984341603,8.02771209173024
ssp585,2100,Pattern 2,32,1279.5658084738257,1771.855637411068,492.28982893724253,243.4192899692722,698.8416291790508,38.49778942968489,18.98475810944171,54.50405877220014
ssp585,2100,Pattern 3,32,135.05834985418505,148.24896674819723,13.190616894012201,3.6067271240492405,21.373767846241705,9.788040418783991,2.662261194673853,16.16315470372071
