line_id,pattern,built_up_pct,natural_green_pct,elevation_m,population_density,residential_pct,industrial_distance_km,ndvi_p50,jas_cdd24_per_year,ndjf_hdd18_per_year
万书线（462）,Pattern 2,36.73242697789389,41.59717767799871,225.81008975085845,1612.8375244140625,4.67276978170283,0.2127068931598172,0.3440001010894775,433.8606371193604,1005.3848434411344
万利高速（457）,Pattern 1,8.59941371623163,72.95107865681335,351.3919984162407,433.3848876953125,0.16404828420939,2.3475878821358296,0.568000078201294,331.2817168762939,1121.4898598132309
万复线（467）,Pattern 2,37.819158739385,39.18298198108794,219.55725864308843,1527.62060546875,5.68276058490216,0.2079481778254329,0.3280000686645508,433.8606371193604,1005.3848434411344
万州桥四回（454）,Pattern 2,37.084093196419246,40.990987582386815,223.78815023221657,1617.3956298828125,4.96881595604086,0.2462887846537707,0.3440001010894775,433.8606371193604,1005.3848434411344
万永线（463）,Pattern 1,8.88063300409023,77.51918600151225,331.8790051789881,664.528076171875,1.46957845921962,0.3065474728743911,0.6080000400543213,312.92172441635745,1137.0590309563363
万滨一回（459）,Pattern 2,37.57901615125644,39.17780587240934,219.3344631670956,1527.62060546875,5.60480201253862,0.207959980426276,0.3280000686645508,433.8606371193604,1005.3848434411344
万滨二回（461）,Pattern 2,37.7068582320115,38.17820256108554,216.99176056735453,1527.62060546875,5.7904848433408,0.2088690580057384,0.3040000200271606,433.8606371193604,1005.3848434411344
三铁二回（462）,Pattern 1,4.00763996657514,86.07090843977558,475.32320465410527,400.4021606445313,2.38884866003606,0.7343480090910558,0.6560001373291016,324.1273299487549,1116.1753521845208
三高线（461）,Pattern 2,3.2986572600633597,85.61350067891344,453.9713393286195,433.1737976074219,2.27228850061376,0.0,0.6320000886917114,324.1273299487549,1116.1753521845208
五乐线（442）,Pattern 2,53.50044644333477,35.91939768731329,240.3005565862709,3917.5234375,7.60504399996969,0.254596780094686,0.3040000200271606,433.8606371193604,1005.3848434411344
五俪一回（477）,Pattern 2,51.97109485070218,35.358814707085386,254.6140793282071,3650.988037109375,8.56158649875896,0.25459677708959,0.3200000524520874,433.8606371193604,1005.3848434411344
五俪二回（482）,Pattern 1,31.39881459277174,44.65970637326702,296.2878710278198,4098.81396484375,7.425608649572781,0.0244515583298427,0.4000000953674316,266.5105418474121,1190.9277849006066
五友线（488）,Pattern 1,37.37229576241957,43.53421105838417,258.6581025415588,3870.4951171875,8.60428253446174,0.0209760537660168,0.3600000143051147,266.5105418474121,1190.9277849006066
五星二回（481）,Pattern 2,31.39881459277174,44.65970637326702,296.2878710278198,4098.81396484375,7.425608649572781,0.0244515583298427,0.4000000953674316,266.5105418474121,1190.9277849006066
五桥一回（462）,Pattern 1,51.97109485070218,35.358814707085386,254.6140793282071,3650.988037109375,8.56158649875896,0.25459677708959,0.3200000524520874,433.8606371193604,1005.3848434411344
五桥三回（461）,Pattern 1,37.59521831570944,37.60929865814336,209.4290179558941,4189.44091796875,5.67099881310234,0.0325386393803668,0.28000009059906,433.8606371193604,1005.3848434411344
五桥二回（479）,Pattern 2,37.67702670703874,39.69479109463088,295.6030342817469,3660.44287109375,5.94003528038872,0.005732114024807,0.3600000143051147,266.5105418474121,1190.9277849006066
五桥五回（472）,Pattern 2,48.13290920406611,40.080215752714196,237.6601493067899,3922.291259765625,12.585439243115609,0.2545967761542472,0.3200000524520874,433.8606371193604,1005.3848434411344
五桥六回（485）,Pattern 2,51.59257625062048,36.99465004688103,232.39283759037963,4162.9677734375,9.63955324281074,0.2312291253678318,0.3040000200271606,433.8606371193604,1005.3848434411344
五桥四回（467）,Pattern 1,49.42727202651661,37.31442226162029,247.75993047874863,3826.096923828125,7.65862562606803,0.2545967823112983,0.3040000200271606,433.8606371193604,1005.3848434411344
五水一回（441）,Pattern 1,47.139369608853684,40.94504421418108,232.9299971802977,4080.131591796875,9.53712656441677,0.2545967801102116,0.3200000524520874,433.8606371193604,1005.3848434411344
五水二回（465）,Pattern 2,42.00159884274239,38.69656248810385,220.65156921284495,3889.367919921875,6.84999861587062,0.2277461955580799,0.3040000200271606,433.8606371193604,1005.3848434411344
五汇线（463）,Pattern 2,33.059420766224754,52.38851758518681,305.21324814056806,4620.1337890625,8.19113119678093,0.19723219246753,0.440000057220459,433.8606371193604,1005.3848434411344
五联一回（469）,Pattern 1,31.16865840409729,57.582644170010866,264.55768530874684,4086.87060546875,7.25688458828616,0.0104599387439937,0.4720001220703125,433.8606371193604,1005.3848434411344
五联三回（484）,Pattern 1,29.989472482591538,59.30670590175162,281.09554571502997,3597.452880859375,5.89497679537743,0.2545967830518849,0.5040000677108765,433.8606371193604,1005.3848434411344
五联二回（471）,Pattern 1,29.02429892186134,57.59449314042684,263.26175316065166,3764.4638671875,6.2935314895535095,0.0189258602419906,0.4720001220703125,433.8606371193604,1005.3848434411344
五茂一回（478）,Pattern 2,53.759827623799204,35.40766201952058,237.83637033916156,4198.08203125,8.89911412633446,0.2545968022995802,0.3040000200271606,433.8606371193604,1005.3848434411344
五药线（456）,Pattern 1,34.61325797137065,54.2191435768262,263.851525352409,4622.45849609375,5.8147186947161105,0.0,0.4640001058578491,266.5105418474121,1190.9277849006066
五郦三回（483）,Pattern 2,44.41125239505312,36.87685072287058,219.82011697578292,3996.639892578125,6.49045886640449,0.2545967823112983,0.28000009059906,433.8606371193604,1005.3848434411344
五长线（454）,Pattern 2,7.45755550631965,80.10871973495057,433.9680446271616,2178.705322265625,1.87618656434385,0.0,0.6480001211166382,266.5105418474121,1190.9277849006066
五长线（455）,Pattern 2,7.45755550631965,80.10871973495057,433.9680446271616,2178.705322265625,1.87618656434385,0.0,0.6480001211166382,266.5105418474121,1190.9277849006066
五陆线（459）,Pattern 1,16.1399164689204,69.71444292870818,356.6694274321753,4525.14599609375,4.01601733676146,0.0,0.568000078201294,266.5105418474121,1190.9277849006066
五陈线（458）,Pattern 2,40.52609435658144,41.58363771968407,219.89137112903435,4238.2060546875,7.61455043300571,0.2545967800933286,0.3200000524520874,433.8606371193604,1005.3848434411344
五雄线（476）,Pattern 1,37.74076591887604,44.98187174257874,242.96698339869485,4328.32080078125,6.54509594253819,0.0208391543487449,0.3680000305175781,266.5105418474121,1190.9277849006066
五龙一回（475）,Pattern 2,35.73618361090397,43.93546630683096,260.0728174217383,3870.4951171875,8.20642765793906,0.0220242893819352,0.3600000143051147,266.5105418474121,1190.9277849006066
五龙二回（487）,Pattern 2,36.021479827020855,43.943354084493656,260.9232820579531,3870.4951171875,8.5457599089578,0.0205325092195681,0.3600000143051147,266.5105418474121,1190.9277849006066
光国一回（454）,Pattern 2,43.77063050395033,31.92082653097703,213.78307120015663,1808.25634765625,7.60475513286558,1.19537071771378,0.2560000419616699,433.8606371193604,1005.3848434411344
光国二回（459）,Pattern 1,43.79570598162385,31.643774610913177,212.89152857761593,1808.25634765625,7.7518434205165105,1.194969563789076,0.2560000419616699,433.8606371193604,1005.3848434411344
光山线（461）,Pattern 2,43.09564370893161,34.44512046726697,222.7560833430489,1781.9771728515625,6.9446273268299805,1.223439043540102,0.2720000743865967,433.8606371193604,1005.3848434411344
光岩一回（453）,Pattern 2,44.465496850184635,36.05512780285294,234.23966218226292,1803.912353515625,9.30492230299935,1.1951349613875215,0.2880001068115234,433.8606371193604,1005.3848434411344
光岩三回（463）,Pattern 2,43.9593991288182,37.16499531841559,237.42341873349943,1803.912353515625,7.466257488335409,1.222851747641698,0.3040000200271606,433.8606371193604,1005.3848434411344
光岩二回（458）,Pattern 2,44.30419650963381,36.37143145364672,235.72142499438775,1803.912353515625,8.612522428951259,1.2225884777517275,0.2880001068115234,433.8606371193604,1005.3848434411344
光明一回（452）,Pattern 1,9.93346622828591,71.83231073256185,377.9652004509016,293.5364685058594,0.39673568390454,0.3665417860408843,0.5520000457763672,331.2817168762939,1121.4898598132309
光明三回（454）,Pattern 1,6.62194319764742,82.45192307692307,433.5008591178842,182.27734375,0.0,0.0987930862893441,0.6000000238418579,331.2817168762939,1121.4898598132309
光明二回（453）,Pattern 2,12.68681501162404,67.60700959227928,338.3431358120493,446.6195373535156,0.0,1.1671828623207772,0.5520000457763672,331.2817168762939,1121.4898598132309
光明四回（462）,Pattern 2,16.26548907469746,60.92228616932711,337.60153332672417,174.36314392089844,0.0,1.6662406833292531,0.5280001163482666,331.2817168762939,1121.4898598132309
光高线（459）,Pattern 1,11.70601582000514,74.8801216281673,359.9561956642227,588.0261840820312,1.32421191068017,1.0114025513883935,0.5760000944137573,331.2817168762939,1121.4898598132309
凉响线（459）,Pattern 2,3.84631170184217,76.21035849026819,516.7093576151537,620.0020751953125,2.8947049766637303,5.9254414025060145,0.6000000238418579,265.87570219782714,1181.180366269008
凉甘线（458）,Pattern 2,3.4300259650895804,75.45143238056328,436.2986965423029,546.3556518554688,1.33540017989529,5.925412568628484,0.624000072479248,265.87570219782714,1181.180366269008
凉青线（456）,Pattern 1,4.9405209580204,76.45201953327755,363.93575059007514,1002.177978515625,2.41893466137005,5.925430914943051,0.6160000562667847,356.3296038,1081.1318390221368
凉风线（454）,Pattern 1,3.7105874229719698,73.63856059853676,457.51320498461615,504.1407470703125,2.2462871558341,1.5043649006246356,0.6560001373291016,356.3296038,1081.1318390221368
凉高线（453）,Pattern 1,2.63863004400197,84.04556199277154,463.254644407332,415.665771484375,1.01007600479186,2.3449563972895793,0.6560001373291016,265.87570219782714,1181.180366269008
北山一回（453）,Pattern 2,35.86579426156332,36.014961973534035,196.98612872297653,1141.7591552734375,3.7551809682036703,3.1489395748623417,0.2560000419616699,433.8606371193604,1005.3848434411344
北山三回（455）,Pattern 2,23.664282545587557,61.39747371370312,286.480118713301,865.526123046875,1.62532464250369,3.1284144396475853,0.4960000514984131,433.8606371193604,1005.3848434411344
北山二回（454）,Pattern 2,34.07613880276651,37.11244932029573,204.2824733005248,960.8359985351562,2.38480737515515,3.715536453003291,0.2720000743865967,433.8606371193604,1005.3848434411344
北山五回（458）,Pattern 2,40.76992789313999,39.94247212262106,205.77613513513515,1015.21044921875,3.15579529135852,3.715536483671953,0.2880001068115234,433.8606371193604,1005.3848434411344
北山四回（457）,Pattern 2,32.96252547411051,29.36564597152092,173.34495256369257,1111.2196044921875,2.3564999303706298,3.4871227046906794,0.2000000476837158,433.8606371193604,1005.3848434411344
北清一回(459),Pattern 2,36.41748591627085,29.72495305423616,176.83551027351945,1166.326416015625,4.0970977760826495,3.3787732128130425,0.2160000801086425,433.8606371193604,1005.3848434411344
北清二回(461),Pattern 2,36.1215793135436,30.974605751391458,179.33561698240598,1163.27001953125,3.4961272802640497,3.479315089553285,0.2160000801086425,433.8606371193604,1005.3848434411344
医专一回（476）,Pattern 1,40.224939748281706,48.76907971079175,320.29307434498617,2549.44482421875,2.93590720460911,0.8083839544387296,0.4000000953674316,433.8606371193604,1005.3848434411344
双走线（451）,Pattern 1,1.4624719747593,87.42413250740304,621.4575861530436,156.56484985351562,0.63053279830624,4.775068989953351,0.6960000991821289,224.44323876293947,1238.524110927536
双龙线（455）,Pattern 2,1.02765677899109,90.05871545628507,524.1492608205189,100.03075408935548,0.0,10.188198372790502,0.6960000991821289,224.44323876293947,1238.524110927536
古化线(456),Pattern 1,2.54366409520296,81.5103206043207,459.5264039408867,145.78182983398438,3.15702124577387,13.33590992406437,0.624000072479248,314.7200401215332,1111.824487824856
古国线(462),Pattern 1,4.33421192080325,77.26224803694195,461.10847400341737,341.6039733886719,4.6014440429001,12.514063555660584,0.6320000886917114,314.7200401215332,1111.824487824856
古沙线(454),Pattern 2,5.71302929805595,64.12408157282373,458.7928858290304,575.93505859375,5.53863194347578,10.31359832382865,0.6160000562667847,314.7200401215332,1111.824487824856
古瑞二回(464),Pattern 1,1.71781874628696,84.42776106245569,500.14537693138806,127.01258850097656,1.8198245268536501,13.335909931808509,0.5840001106262207,314.7200401215332,1111.824487824856
古瑞线(455),Pattern 1,2.30099215209234,78.28146733802463,430.4851587375913,168.8018341064453,2.09264518432905,13.299311474730947,0.568000078201294,314.7200401215332,1111.824487824856
古铁线(458),Pattern 2,2.15061456652069,80.89025342320181,484.0717513865072,234.45111083984375,2.16029218618975,10.028784796633303,0.6160000562667847,314.7200401215332,1111.824487824856
后关线（461）,Pattern 1,1.4466225092411,80.85641472738246,474.2076566718619,203.1746368408203,0.45700891459452,8.07725888334742,0.6000000238418579,258.9753676719482,1188.3289488703394
后桥线（455）,Pattern 2,0.6256560990972,85.24917450804497,646.4427400440952,108.42206573486328,0.12331156782402,5.176326849769483,0.6400001049041748,168.09512964958498,1313.6870502072825
后紫线（462）,Pattern 1,1.2186866259509699,88.14458368012004,510.7339839320561,275.3944091796875,0.66090755993783,12.09566833643104,0.6480001211166382,187.99904107412107,1278.8721208148995
后铁线（454）,Pattern 1,2.43695533710328,79.57006408348538,474.87130712816474,297.3426208496094,1.16044720301616,12.09643618000635,0.6320000886917114,291.76463896076655,1136.3492035247325
周医一回(464),Pattern 1,17.96282496813867,64.41977561267768,358.9424137635392,317.7615051269531,2.63636726402396,0.4590368026892312,0.5200001001358032,331.2817168762939,1121.4898598132309
周医二回(468),Pattern 2,18.51064598922748,63.30332935690273,354.56877132262053,334.900390625,2.7369916714184197,0.6072040899235144,0.5200001001358032,331.2817168762939,1121.4898598132309
周家坝一回(456),Pattern 2,33.73216711956521,40.76936141304347,290.0050537322103,1045.9097900390625,3.74835209797615,1.489788402943931,0.3440001010894775,331.2817168762939,1121.4898598132309
周柳线(452),Pattern 1,14.023419946604628,69.84325024450847,355.51193572625857,410.163330078125,1.5134670862038802,2.7592239164689354,0.5280001163482666,331.2817168762939,1121.4898598132309
周铁一回(459),Pattern 2,21.83728672492717,58.9719581292615,305.150450366692,555.8900146484375,2.53769042112074,0.3704331006841884,0.5120000839233398,331.2817168762939,1121.4898598132309
壤杨线（456）,Pattern 2,0.8539037682511,81.23342464954973,339.63130854343194,109.8079071044922,0.0,4.713304509949019,0.6640000343322754,353.78237374389647,1071.1596281290658
壤武线（453）,Pattern 2,1.62144214415306,76.80904480225998,351.8820307071757,288.33837890625,0.9662010864702499,8.920338814588467,0.624000072479248,314.7200401215332,1111.824487824856
壤武线（457）,Pattern 2,1.62144214415306,76.80904480225998,351.8820307071757,288.33837890625,0.9662010864702499,8.920338814588467,0.624000072479248,314.7200401215332,1111.824487824856
壤渡线（454）,Pattern 1,1.09508978476211,65.92718355636829,260.32532694463373,189.8838348388672,0.40369887250093,4.99048517269386,0.6080000400543213,353.78237374389647,1071.1596281290658
壤电线（458）,Pattern 2,47.41114965063087,31.91323581159201,201.2996869840396,3661.601806640625,0.32415810423939,1.4668503895946736,0.2560000419616699,433.8606371193604,1005.3848434411344
大三一回（456）,Pattern 1,39.09117027389389,44.42731277533039,336.07381724931963,3649.59326171875,5.36001800669834,0.8774020937668032,0.4160000085830688,433.8606371193604,1005.3848434411344
大三二回（478）,Pattern 1,30.460197787134042,50.62958973856849,329.89218494819414,2885.849609375,4.41899203060882,0.4366543553307508,0.4560000896453857,433.8606371193604,1005.3848434411344
大医线（453）,Pattern 2,50.95447000237135,38.47521935024899,300.9738523642412,3449.2275390625,2.76294723120868,0.8774148691849802,0.3200000524520874,433.8606371193604,1005.3848434411344
大周线(451),Pattern 2,2.99003743892378,89.6025551536688,392.34716350408024,659.3399047851562,0.53891540127875,2.265563579257673,0.624000072479248,385.2542670250488,1053.0528840103275
大安二回（459）,Pattern 2,33.71290853215338,37.66210581349383,236.05495732909824,3424.726318359375,2.09432712661332,0.5436015321267993,0.2640000581741333,433.8606371193604,1005.3848434411344
大安线（461）,Pattern 2,34.76094361044531,36.48795256717547,234.72695261931472,3304.968017578125,2.07154999578318,0.6789619868456707,0.2640000581741333,433.8606371193604,1005.3848434411344
大新二回（467）,Pattern 1,17.62056541019955,61.339069744003226,307.6109058017832,1277.1141357421875,1.49899207548263,0.668278746930461,0.5520000457763672,411.0063574223633,995.0432126871012
大桥一回（466）,Pattern 2,19.35287151970005,44.81758372240847,218.81709276072863,1815.6976318359375,5.4021881525719895,0.010519464621887,0.3840000629425049,411.0063574223633,995.0432126871012
大桥三回（455）,Pattern 2,44.36438611271228,44.85323460293531,325.5075174295241,3419.408935546875,5.077634871211139,0.7621253816495924,0.4000000953674316,433.8606371193604,1005.3848434411344
大桥二回（462）,Pattern 2,22.675912813481087,58.65383894920614,367.9351604756501,3874.724853515625,4.14167460997976,0.8774223214499769,0.5120000839233398,266.5105418474121,1190.9277849006066
大桥四回（468）,Pattern 2,46.59576686476905,43.38051298091961,320.3609957026444,3070.642333984375,2.87343260470903,0.8772683439283646,0.3760000467300415,433.8606371193604,1005.3848434411344
大铁线（469）,Pattern 1,41.58144516074841,39.48363117112198,242.90947991154763,4094.825439453125,4.96323318511223,0.7058702395021189,0.3040000200271606,433.8606371193604,1005.3848434411344
大高线（477）,Pattern 1,7.55974882919199,82.65836118799962,372.1238308236414,2079.648193359375,0.93336259292867,0.0849887984171025,0.6320000886917114,411.0063574223633,995.0432126871012
太九一回（464）,Pattern 1,15.520068205666309,72.15325663318842,401.4459864762568,3979.251220703125,1.43163084107005,1.5380947832974396,0.5840001106262207,433.8606371193604,1005.3848434411344
太九二回（469）,Pattern 1,13.6837587623388,73.63757127383458,443.80402699537063,2236.8671875,2.22934724519051,1.9342199504539637,0.6080000400543213,433.8606371193604,1005.3848434411344
太九线（459）,Pattern 2,38.16033283222039,53.75729818550502,344.9285338938518,1920.3896484375,6.13558112393496,2.0655790432705214,0.4560000896453857,433.8606371193604,1005.3848434411344
太双一回（467）,Pattern 2,47.67535982596818,39.5707383704753,269.7253186919773,1378.5189208984375,12.71889792115034,2.066013633025868,0.3280000686645508,433.8606371193604,1005.3848434411344
太双三回（463）,Pattern 2,46.71606484380435,38.44592870892182,258.35163684811573,1327.006591796875,11.71360174830806,2.066262951313566,0.3040000200271606,433.8606371193604,1005.3848434411344
太双二回（462）,Pattern 2,46.56248581415407,37.8308139270961,254.95944896564575,1329.59130859375,11.45755962896541,2.0659640045712275,0.3040000200271606,433.8606371193604,1005.3848434411344
太塘一回（468）,Pattern 2,42.19658384782413,34.65183065331159,238.98575533661744,1336.071533203125,11.05530907230113,2.0659523202544605,0.2720000743865967,433.8606371193604,1005.3848434411344
太塘二回（471）,Pattern 2,41.10222467365324,32.53171538885824,229.26861244139425,1417.4791259765625,10.14051967437902,2.065921772746428,0.2560000419616699,433.8606371193604,1005.3848434411344
太山一回（466）,Pattern 2,38.54489948443814,46.46960465145738,249.4804614812058,1298.2291259765625,7.50386300361123,0.0550445310885747,0.4000000953674316,433.8606371193604,1005.3848434411344
太山二回（456）,Pattern 2,47.87209569818265,39.3869335173683,262.054500243937,1520.118408203125,11.61879742449417,1.7531735028414288,0.3280000686645508,433.8606371193604,1005.3848434411344
太水一回（461）,Pattern 2,43.19712698100734,34.722792974682406,240.2009304710968,1349.2969970703125,9.66395138467285,2.0665646151143067,0.2720000743865967,433.8606371193604,1005.3848434411344
太水二回（455）,Pattern 1,45.937944378394754,46.61864466046577,287.44925894609213,1207.62841796875,9.352831679916079,2.0659119399793116,0.3840000629425049,433.8606371193604,1005.3848434411344
太福二回（472）,Pattern 2,45.66382693596247,39.08418684789891,260.70740213173536,1327.006591796875,12.10501065387917,2.065462607961692,0.3040000200271606,433.8606371193604,1005.3848434411344
太禾线（458）,Pattern 2,48.728225482184776,42.26104777098979,274.8858415876735,1304.83056640625,13.14336779505359,2.0659525261717393,0.3440001010894775,433.8606371193604,1005.3848434411344
太金线（457）,Pattern 2,48.557270491701985,39.56229996416346,268.64224823246843,1447.1923828125,12.50896182729542,2.0665943065001597,0.3280000686645508,433.8606371193604,1005.3848434411344
宁凉线（457）,Pattern 1,3.84631170184217,76.21035849026819,516.7093576151537,620.0020751953125,2.8947049766637303,5.9254414025060145,0.6000000238418579,265.87570219782714,1181.180366269008
小周线(452),Pattern 1,3.6607728593296,85.87626128518322,338.7940738243107,384.8886413574219,0.38036857486951003,1.8206359083244077,0.6000000238418579,385.2542670250488,1053.0528840103275
平升一回（455）,Pattern 1,2.96905062005733,87.80690861227774,488.0914233754425,309.3640441894531,1.85746593813369,0.0,0.6320000886917114,324.1273299487549,1116.1753521845208
平升二回（459）,Pattern 1,5.91054413043614,80.4170603066951,302.81597599240786,408.324951171875,5.58928880531587,0.3507036162603719,0.6000000238418579,312.92172441635745,1137.0590309563363
平登线（458）,Pattern 1,6.077777611650189,81.29569546820568,349.9962942785642,452.4737548828125,1.72662949376306,1.6548722730082726,0.6560001373291016,312.92172441635745,1137.0590309563363
平贝线（456）,Pattern 1,13.863118358961179,72.93345317967321,222.99473100692657,474.3116149902344,2.60996950770408,2.0700516763039554,0.5920001268386841,312.92172441635745,1137.0590309563363
平铁线（457）,Pattern 2,7.504247248016011,73.85207940608346,274.5971417443626,429.4293518066406,4.43997911963395,0.3147097212531057,0.5920001268386841,312.92172441635745,1137.0590309563363
映周线(451),Pattern 2,43.23783945091017,36.44732915547597,231.71519284083496,1740.7822265625,2.0391704873780303,1.1905195656566157,0.3040000200271606,433.8606371193604,1005.3848434411344
映天一回(455),Pattern 2,41.07047517351841,35.56460224239188,215.4226987702423,2037.4261474609375,0.10925946109271001,1.7703215055705468,0.2880001068115234,433.8606371193604,1005.3848434411344
映天三回(466),Pattern 2,41.20271195424129,36.276804840882484,218.0165294250963,1947.828857421875,0.0,1.6068417489638325,0.3040000200271606,433.8606371193604,1005.3848434411344
映天二回(468),Pattern 2,40.78959128691632,33.311201624126966,206.51207146728203,2177.6689453125,0.11817612818482001,1.7702426640197488,0.2560000419616699,433.8606371193604,1005.3848434411344
映平线（453）,Pattern 1,4.263576995225,84.8844524454233,573.5855218821353,190.05337524414065,0.83003258532696,0.7629869580364147,0.6160000562667847,312.92172441635745,1137.0590309563363
映水线(472),Pattern 2,43.38489285605111,29.474520832696484,186.61367113011045,2007.6800537109375,1.33192431507219,1.1764884383516852,0.2560000419616699,433.8606371193604,1005.3848434411344
映流三回(454),Pattern 2,38.154290097527124,32.49260328012565,195.39950409497337,2099.734619140625,0.02472075447935,1.7704918775682104,0.2320001125335693,433.8606371193604,1005.3848434411344
映流二回(473),Pattern 1,39.22864585358268,31.1593639438591,194.1780277785183,2254.16064453125,0.02715344197336,1.770751365545313,0.2320001125335693,433.8606371193604,1005.3848434411344
映流线(453),Pattern 2,40.08614766977125,39.34295972805534,231.5304758095456,1642.9522705078125,2.06071866304939,1.625870329496974,0.3040000200271606,433.8606371193604,1005.3848434411344
映申线(474),Pattern 2,39.43170591141116,38.07940885888358,204.2089304316,1944.10888671875,0.9276292673587699,1.1261982734210607,0.3280000686645508,433.8606371193604,1005.3848434411344
映登线(452),Pattern 1,31.10390612938088,48.097884823220625,224.65751342908703,1606.235595703125,1.86293523930796,0.4517038497123791,0.4160000085830688,312.92172441635745,1137.0590309563363
映祥线(471),Pattern 2,40.43471588075049,28.110731688600698,187.5344487412201,2349.796875,0.08120979205713,1.5328004132267057,0.2320001125335693,433.8606371193604,1005.3848434411344
映龙二回(469),Pattern 2,42.34414974876221,27.5091568349561,186.31757643022905,2349.796875,0.48334771136181004,1.4260238692970404,0.2320001125335693,433.8606371193604,1005.3848434411344
未来城一回（459）,Pattern 2,57.668711656441715,36.27098805295447,249.67691498782375,3003.488525390625,2.78216821143605,2.449277234184043,0.2880001068115234,433.8606371193604,1005.3848434411344
未来城二回（477）,Pattern 2,55.8521448791464,34.57029832329244,231.07911896465905,2430.684814453125,1.2051255966846202,2.2222823823190563,0.2880001068115234,433.8606371193604,1005.3848434411344
枇杷坪一回(457),Pattern 2,24.46291617455785,42.259564352883125,215.04183240451965,585.5155639648438,0.7603053238997299,4.3187024537130965,0.312000036239624,433.8606371193604,1005.3848434411344
枇杷坪七回(468),Pattern 2,23.65481759381056,38.81005938806167,200.3611492710563,542.399169921875,0.52456282004201,4.5362079501397545,0.2720000743865967,433.8606371193604,1005.3848434411344
枇杷坪三回(465),Pattern 2,20.12305213744062,49.35140690536373,225.7014402861546,325.90325927734375,0.0,5.666685070363077,0.408000111579895,433.8606371193604,1005.3848434411344
枇杷坪二回(458),Pattern 1,22.898873372461708,36.35026647777103,193.44074504594263,612.5492553710938,1.0104262735722,4.151693207741661,0.2320001125335693,433.8606371193604,1005.3848434411344
枇杷坪六回(467),Pattern 1,24.23700715819066,38.94223790861656,201.5506363503375,623.697998046875,0.66935419466166,4.420101280170729,0.2720000743865967,433.8606371193604,1005.3848434411344
枇杷坪四回(464),Pattern 2,19.12628006234613,52.76260397092456,237.45858118088543,314.53680419921875,0.0,5.640843696059607,0.4480000734329223,433.8606371193604,1005.3848434411344
枇海线(456),Pattern 2,25.70687792581922,50.8894490457328,248.9772982559858,553.4208984375,0.5056818603367099,4.06548790854352,0.4160000085830688,433.8606371193604,1005.3848434411344
枇滨线(463),Pattern 2,19.07379568758554,43.92627162377437,212.23962892994825,447.5359497070313,0.0,5.507323775804164,0.3280000686645508,433.8606371193604,1005.3848434411344
枇睿线(462),Pattern 2,20.31207421537149,46.52441263936116,220.77514360821732,365.31353759765625,0.0,5.502683111172377,0.3680000305175781,433.8606371193604,1005.3848434411344
枇附线(455),Pattern 2,16.30097946371805,64.05594903053988,333.4818481647726,368.8367919921875,0.5068272104815099,4.030418902081828,0.5200001001358032,433.8606371193604,1005.3848434411344
桥高三回（473）,Pattern 1,13.11053823332016,73.51360166594534,268.8007918280602,665.6373901367188,2.9098450419968303,0.3030322629329244,0.5840001106262207,312.92172441635745,1137.0590309563363
桥高二回（472）,Pattern 1,14.12126484452447,71.67519742121696,270.65549207519354,725.2477416992188,3.3959624494531098,0.3039136735693512,0.5840001106262207,312.92172441635745,1137.0590309563363
武陵一回（456）,Pattern 2,4.86222412176039,50.4184920041315,201.16842454073017,625.4730834960938,4.72313024211337,21.699059647516005,0.4880000352859497,300.8425828724609,1126.155495955686
武黄线（455）,Pattern 2,2.6533329205238503,67.05642761557804,230.07492931638177,409.1433715820313,2.59958214771523,17.455770655692312,0.6080000400543213,284.8791541297119,1157.4552999392804
江万线（484）,Pattern 2,47.28361171854402,45.76218613812249,272.70681229017043,3357.663330078125,0.67360888481037,2.3756587096403075,0.3280000686645508,433.8606371193604,1005.3848434411344
江东线（445）,Pattern 1,43.8589739478101,37.916252418673764,272.5464606298061,3602.28759765625,9.79771911734292,0.25459677708959,0.3600000143051147,266.5105418474121,1190.9277849006066
江体一回（465）,Pattern 2,47.947440491798496,28.78536258485563,199.51865671641792,3237.85107421875,0.37562636744354,1.7916148884522387,0.2320001125335693,433.8606371193604,1005.3848434411344
江体二回（466）,Pattern 3,44.90525312552559,27.00426080618938,191.98775690353284,3468.048828125,0.36203167223063,1.5724866119094751,0.2160000801086425,433.8606371193604,1005.3848434411344
江山一回（458）,Pattern 1,44.0753555312907,49.97434649336297,270.764529960725,3877.456298828125,0.3394495145495,2.2473156801809964,0.3600000143051147,433.8606371193604,1005.3848434411344
江山二回（476）,Pattern 2,48.4736521642865,45.11513339975644,257.0105877227873,3376.815185546875,0.35679368625899,2.247763306572648,0.3280000686645508,433.8606371193604,1005.3848434411344
江恒线（456）,Pattern 2,46.09446709902643,47.08006681011782,280.8572282205555,3357.663330078125,2.16799199133651,2.372102751297144,0.3440001010894775,433.8606371193604,1005.3848434411344
江星线（486）,Pattern 2,47.28361171854402,45.76218613812249,272.70681229017043,3357.663330078125,0.67360888481037,2.3756587096403075,0.3280000686645508,433.8606371193604,1005.3848434411344
江泉一回（456）,Pattern 2,46.8490081762615,30.610264868535943,218.1287845916498,2268.25634765625,3.24274898727061,2.379962171805928,0.2320001125335693,433.8606371193604,1005.3848434411344
江泉一回（478）,Pattern 2,46.8490081762615,30.610264868535943,218.1287845916498,2268.25634765625,3.24274898727061,2.379962171805928,0.2320001125335693,433.8606371193604,1005.3848434411344
江牌线（464）,Pattern 1,43.678554522656086,30.05569599854968,214.1285236239448,2721.519287109375,3.20326089310219,2.112881587158342,0.2320001125335693,433.8606371193604,1005.3848434411344
江电线（474）,Pattern 2,47.41114965063087,31.91323581159201,201.2996869840396,3661.601806640625,0.32415810423939,1.4668503895946736,0.2560000419616699,433.8606371193604,1005.3848434411344
江盐线(463),Pattern 1,47.97273727426409,29.69383100330051,199.09890029190916,3661.601806640625,0.34586756687594,1.5472522189436886,0.2320001125335693,433.8606371193604,1005.3848434411344
江科一回（457）,Pattern 2,41.24682498582032,50.98641217232621,297.8606550461502,3601.075927734375,0.40289942598328005,2.3739469630692405,0.3680000305175781,433.8606371193604,1005.3848434411344
江科三回（482）,Pattern 2,39.96397478234764,52.63044130891624,297.0817469572787,3894.1162109375,0.30961676757458,2.372740775858522,0.3920000791549682,433.8606371193604,1005.3848434411344
江移线（467）,Pattern 1,48.111372102403486,32.42579543027973,199.6374947279629,3360.643798828125,0.30545837701365997,1.5697337450618132,0.2560000419616699,433.8606371193604,1005.3848434411344
江维二回（473）,Pattern 2,47.976616086921084,42.77695613187223,279.4618926238649,2869.00927734375,4.65009447226568,2.3737681153474623,0.312000036239624,433.8606371193604,1005.3848434411344
江观三回（479）,Pattern 2,49.73150809257298,32.77019361669944,195.13318859121983,3288.328369140625,0.24333457011012,1.563279334802538,0.2560000419616699,433.8606371193604,1005.3848434411344
江观二回（454）,Pattern 2,52.39019407558734,40.42390194075587,266.1980126425789,3357.663330078125,3.29173826560916,2.368654053295786,0.3040000200271606,433.8606371193604,1005.3848434411344
江观线（462）,Pattern 1,45.7200360060463,27.93950304862514,181.1819152640743,3984.90966796875,0.21879137194936002,0.8412809783508292,0.2160000801086425,433.8606371193604,1005.3848434411344
江越线（475）,Pattern 2,44.27077733577034,46.753037307816356,301.25733006938947,3357.663330078125,3.32935378122291,2.3736798681380664,0.3440001010894775,433.8606371193604,1005.3848434411344
江都线（481）,Pattern 2,52.914945550131435,39.44642633621229,258.04944701646093,2722.776123046875,3.06588436046993,2.373135114889991,0.3040000200271606,433.8606371193604,1005.3848434411344
江高线（461）,Pattern 2,44.51362826490769,45.75135524470222,285.454997668273,3783.814208984375,2.5272768303103597,1.993788348361369,0.3520001173019409,433.8606371193604,1005.3848434411344
油小线（466）,Pattern 1,3.08813656852402,88.3580215698754,369.2697848778836,1177.1649169921875,0.20935939708538,0.3096259820600553,0.6640000343322754,411.0063574223633,995.0432126871012
油新一回（482）,Pattern 2,7.51971175218174,66.63157155892469,231.56723657087423,1147.2210693359375,6.00323434122528,0.6110751184955711,0.5600000619888306,411.0063574223633,995.0432126871012
油沙一回（472）,Pattern 1,8.48885258504708,49.90342110320969,171.46829712518672,1330.4111328125,6.19193487287528,0.0,0.3520001173019409,411.0063574223633,995.0432126871012
油沙二回487,Pattern 2,9.74220737309692,65.73775263550881,195.83433938115087,1821.9566650390625,0.0,0.0209220767007491,0.4880000352859497,411.0063574223633,995.0432126871012
油源线（469）,Pattern 2,10.30933555278124,65.32806214454155,191.1510035284744,1776.6492919921875,0.0,0.3190967927791185,0.4560000896453857,411.0063574223633,995.0432126871012
油玉线（478）,Pattern 1,1.8253353531060799,76.95978504499935,322.3925612974828,354.16229248046875,0.0,0.472199597294369,0.6480001211166382,160.5565044697754,1310.036488528906
油盐线（479）,Pattern 1,2.05587673720835,85.63248022459801,565.4539183179241,333.9424743652344,0.0,0.8919923622919791,0.6880000829696655,160.5565044697754,1310.036488528906
油茨一回（467）,Pattern 2,2.2955706698715503,86.7357609491134,563.6872867937203,276.408203125,1.2242616362660501,0.8922448258459721,0.6800000667572021,153.36361093188478,1339.083911135138
油茨二回（481）,Pattern 1,1.63691337687558,90.46508812833211,610.8749861021946,326.4330749511719,0.0,0.8920514654253434,0.6960000991821289,153.36361093188478,1339.083911135138
油铁一回（483）,Pattern 1,4.04787500895864,73.26596430875081,224.51294971081268,1602.65283203125,0.0,0.8921297816060927,0.5600000619888306,411.0063574223633,995.0432126871012
油铁二回（471）,Pattern 1,8.86577027513331,66.24028091296714,208.14000447060576,1843.6395263671875,0.015293548342370001,0.0262166472302168,0.5280001163482666,411.0063574223633,995.0432126871012
油高线（473）,Pattern 1,3.1459612037093403,85.05705482170471,535.4200441225647,324.06982421875,0.0,0.8193188303455191,0.6480001211166382,160.5565044697754,1310.036488528906
清云一回（476）,Pattern 1,46.06561459208765,22.07177763252093,178.38036365186622,1697.071533203125,6.811070778262169,2.9650919259298787,0.1759999990463256,433.8606371193604,1005.3848434411344
清医一回（451）,Pattern 2,45.35585947975328,25.21319388576026,197.35853458141375,1530.400634765625,8.747254677350579,2.9655898037843027,0.2000000476837158,433.8606371193604,1005.3848434411344
清寰线（466）,Pattern 2,40.16935263589183,18.59054903031958,155.8079458622584,1665.5916748046875,4.96871459522936,2.965589803805336,0.1440000534057617,433.8606371193604,1005.3848434411344
清永线（468）,Pattern 2,46.523555755710674,24.930571192674318,191.80514409986813,1531.60498046875,7.80382761467959,2.965589803783576,0.2000000476837158,433.8606371193604,1005.3848434411344
清沙线（455）,Pattern 1,40.796468954572504,37.04622098789922,251.28748762057225,1503.76611328125,5.8674187720234405,2.909531415105215,0.2720000743865967,433.8606371193604,1005.3848434411344
清泉一回（453）,Pattern 2,38.89047184864372,16.25683838614087,150.13595849667468,1714.1968994140625,7.859349804227691,2.9335849433194374,0.1200000047683715,433.8606371193604,1005.3848434411344
清泉三回（477）,Pattern 2,44.00052790075466,29.40527180889992,211.41839850290555,1530.400634765625,6.9571854177576,2.965589803791035,0.2320001125335693,433.8606371193604,1005.3848434411344
清泉二回（452）,Pattern 2,42.044144684823706,19.2554275861412,169.14326303990825,1755.982421875,9.53323450282105,2.800810033127883,0.1600000858306884,433.8606371193604,1005.3848434411344
清泉五回（467）,Pattern 2,40.3989497393014,16.8240813329849,156.03422441682275,1762.2703857421875,9.00429506361986,2.93052796583902,0.1200000047683715,433.8606371193604,1005.3848434411344
清泉六回（472）,Pattern 2,37.714656236273505,20.015059925955363,155.65525651325606,2064.2666015625,2.66204890189459,2.8158492939494053,0.1440000534057617,433.8606371193604,1005.3848434411344
清泉四回（478）,Pattern 2,47.56442609161123,25.47900045032414,202.0259159445206,1672.4918212890625,9.63265649892745,2.628196996601124,0.2160000801086425,433.8606371193604,1005.3848434411344
清牌一回（474）,Pattern 2,41.84531358671194,24.31166387104692,174.48073022312374,2919.68701171875,2.0093406252553203,1.9231525676895191,0.1920000314712524,433.8606371193604,1005.3848434411344
清瑞线（454）,Pattern 3,45.02721838159169,21.090071135156798,172.09429127102163,1734.37158203125,6.1157972503886,2.965647176456763,0.1759999990463256,433.8606371193604,1005.3848434411344
清电线（458）,Pattern 2,43.683517020515374,15.75172124924736,158.4671677403961,1593.186767578125,9.77973752265561,2.932597787020827,0.1440000534057617,433.8606371193604,1005.3848434411344
清胜线（459）,Pattern 2,35.12789327657634,18.410550720231083,146.27792972311218,1799.1832275390625,2.93367682195501,2.929300352980194,0.1200000047683715,433.8606371193604,1005.3848434411344
清达三回（465）,Pattern 2,41.12360002412885,14.76283353105583,151.30084139903212,1789.498291015625,10.11678006594965,2.931441038605471,0.1200000047683715,433.8606371193604,1005.3848434411344
清达二回（469）,Pattern 1,41.40289407526179,14.9474434348833,152.0384016465586,1789.498291015625,10.27690825044797,2.931847098935579,0.1200000047683715,433.8606371193604,1005.3848434411344
清鑫线（466）,Pattern 2,40.41775089668753,15.767634854771782,154.2819282906874,1789.498291015625,9.72585142622828,2.9315561428914085,0.1200000047683715,433.8606371193604,1005.3848434411344
瀼河线（457）,Pattern 2,3.2988534682014703,72.48752774790032,432.197407597936,334.1381530761719,2.65006905666741,3.956237270785536,0.6400001049041748,353.78237374389647,1071.1596281290658
熊园一回(453),Pattern 1,9.786427290788389,73.25313756844503,359.85907335907336,951.6895751953124,3.04707836674994,1.123446974705936,0.568000078201294,331.2817168762939,1121.4898598132309
熊园二回(467),Pattern 1,9.88407451997666,72.72648289044173,359.9916637662459,1048.153564453125,3.11612618662629,1.124598632666315,0.568000078201294,331.2817168762939,1121.4898598132309
熊家一回(465),Pattern 1,12.32917026872919,68.92232420402082,355.45955201893656,1240.9451904296875,6.23329761055183,1.6889355336322385,0.568000078201294,331.2817168762939,1121.4898598132309
熊家二回(466),Pattern 2,3.3927006607773,91.16753112442666,401.7025158419846,719.5267944335938,0.01439616586982,0.2861526942632204,0.624000072479248,385.2542670250488,1053.0528840103275
熊铁一回(456),Pattern 1,4.94260646860069,86.52087715418597,431.38523010609,349.27978515625,1.2290585271776,1.971613206334134,0.624000072479248,385.2542670250488,1053.0528840103275
申凤线(464),Pattern 2,50.99581746287091,35.59930671592997,267.26323189002653,1406.993896484375,4.35895705742712,0.4470511016363719,0.3280000686645508,331.2817168762939,1121.4898598132309
申化线(451),Pattern 1,12.67424616905585,80.01351128686768,411.8022039831889,347.43182373046875,1.8537648948068302,0.0,0.5920001268386841,142.70273112370606,1366.5121331576793
申叶线(459),Pattern 3,52.1665947946082,34.92564719629418,264.0942479225433,1438.7049560546875,3.5469208112840502,0.2814910148362718,0.3040000200271606,331.2817168762939,1121.4898598132309
申周线(457),Pattern 2,48.037685682908496,38.80700537541182,272.25055069189494,1401.3961181640625,3.46254664722907,0.446885026857206,0.3440001010894775,433.8606371193604,1005.3848434411344
申园二回(463),Pattern 1,37.960416437479374,45.973137582382414,285.5264382605363,995.0963134765624,4.70368558264772,0.0,0.440000057220459,142.70273112370606,1366.5121331576793
申园线(487),Pattern 1,52.638522427440634,33.932349235779306,263.3914536312304,1500.08544921875,4.911576059170731,0.2624876544472368,0.3040000200271606,331.2817168762939,1121.4898598132309
申城线(468),Pattern 1,41.42057860262009,48.63810043668122,275.8512265350385,960.8284301757812,3.51968037887516,0.0,0.440000057220459,142.70273112370606,1366.5121331576793
申大线(469）,Pattern 2,52.68861090137339,32.16537762994102,269.26297921090867,1367.150390625,4.28660723891873,0.2894088870396945,0.2880001068115234,331.2817168762939,1121.4898598132309
申安一回(483),Pattern 1,49.24262556470901,37.16766004834035,275.9728615000693,1197.2156982421875,5.18472927124829,0.0,0.3440001010894775,142.70273112370606,1366.5121331576793
申安二回(478),Pattern 1,52.77329674802876,34.61532662937779,267.2523242841205,1348.2344970703125,3.2058538725554504,0.1932408776991249,0.3040000200271606,331.2817168762939,1121.4898598132309
申明线(458),Pattern 2,47.993502295745,32.46200003315155,275.5311536718042,1220.189208984375,4.51326900887202,0.2814988833449566,0.2880001068115234,331.2817168762939,1121.4898598132309
申污线(488),Pattern 2,45.40627132219882,43.185301650399985,262.23299460103107,1628.2174072265625,1.89698006308546,0.4473118371627857,0.3600000143051147,433.8606371193604,1005.3848434411344
申湖线(455),Pattern 2,50.51149259934146,39.6055113327579,269.88647168364554,1271.1014404296875,3.25725698904094,0.446671331534756,0.3600000143051147,142.70273112370606,1366.5121331576793
申玉线(467),Pattern 2,45.827495193717624,44.59252500896086,289.2230583716672,1245.690673828125,2.94857457890972,0.2643538290005385,0.4000000953674316,312.92172441635745,1137.0590309563363
申筑一回(474),Pattern 2,47.63798745322076,33.16309005116338,270.4459118563585,1262.5982666015625,5.3551776712767,0.4470411910342152,0.2720000743865967,331.2817168762939,1121.4898598132309
申筑二回(456),Pattern 2,47.53454348415064,33.20599656822902,270.5097549825164,1262.5982666015625,5.35136953545969,0.4469607852771582,0.2720000743865967,331.2817168762939,1121.4898598132309
申纺一回(482),Pattern 1,41.6257227084714,41.92851756210151,283.3930090710041,995.0963134765624,4.61293789152658,0.1824982577950614,0.4160000085830688,142.70273112370606,1366.5121331576793
申纺三回(479),Pattern 1,43.77528491391962,41.636356675217264,284.54819603389535,1020.0911865234376,4.998454444659091,0.1772638487085392,0.4160000085830688,142.70273112370606,1366.5121331576793
申纺二回(481),Pattern 1,42.82340402339918,41.78061453122918,283.9275422393925,1020.0911865234376,4.8845043024467,0.1522751626305001,0.4160000085830688,142.70273112370606,1366.5121331576793
申萃一回(477),Pattern 2,40.93477792712178,35.752953669530605,283.3977555476565,1035.000732421875,5.77173675715245,0.0191664152533627,0.3280000686645508,331.2817168762939,1121.4898598132309
申萃二回(462),Pattern 2,39.7867671963126,36.17300131061599,281.41505861499417,1035.000732421875,5.673385058898351,0.0127203116160053,0.3280000686645508,331.2817168762939,1121.4898598132309
申运线(486),Pattern 2,53.300879887541,37.57354089654813,264.9517561062578,1563.0947265625,2.64995072072314,0.4467663123894796,0.3440001010894775,433.8606371193604,1005.3848434411344
申铁一回(461),Pattern 3,15.094364206096369,68.24059778112195,309.65263696648714,423.7642822265625,2.05595790776936,0.0,0.5600000619888306,142.70273112370606,1366.5121331576793
申铁二回(465),Pattern 1,23.891393885330782,64.210995811584,287.4916970742071,617.6649780273438,3.06037158659281,0.0,0.5520000457763672,142.70273112370606,1366.5121331576793
申飞一回（471),Pattern 2,37.683529907867666,37.27206511877531,282.8103199769386,885.02587890625,5.092069672769941,0.017756582534002,0.3280000686645508,331.2817168762939,1121.4898598132309
申飞二回(473),Pattern 1,43.18694194773219,34.63409569576696,272.10668019274664,1129.2183837890625,4.39064191573968,0.4460831306775063,0.2880001068115234,331.2817168762939,1121.4898598132309
白双线（457）,Pattern 1,1.73016248443657,86.38941820664664,558.9464831664735,412.4637451171875,0.0,4.481168701839488,0.6720000505447388,254.78378382888187,1214.4239590677462
白土线（454）,Pattern 1,2.91268859300843,73.44739709331314,1055.8884002441127,355.612548828125,0.0,10.958739386621074,0.7040001153945923,90.5234424784668,1426.1697144477878
白地线（453）,Pattern 3,1.48354195642095,84.78841468630502,689.8683358932752,163.74974060058594,0.03080625051538,10.082121833367683,0.7200000286102295,176.8822478909912,1317.5853506775798
白大线（459）,Pattern 1,3.28214827903735,75.10813568602076,531.4523285512445,650.462646484375,0.0,9.566703891620715,0.6480001211166382,254.78378382888187,1214.4239590677462
白太线（456）,Pattern 1,2.50762231297929,70.90920802529546,620.5365215830141,294.75775146484375,0.47952401349206,10.849991560619236,0.6160000562667847,171.74321200217284,1316.4082753826497
白恒一回（458）,Pattern 1,1.6769401140505,77.93910823477161,1062.681704865958,242.15377807617188,0.0,10.56890933903736,0.7280000448226929,90.00028957329101,1444.557748142763
白普线（455）,Pattern 3,1.17382779245459,86.2127411833845,781.6462362700544,166.28643798828125,0.29758959501433,13.59688000753984,0.7360000610351562,90.5234424784668,1426.1697144477878
白石线（455）,Pattern 2,3.5008752188047,74.31741656344319,502.5828237407491,414.57379150390625,0.0,6.327805571711116,0.6080000400543213,254.78378382888187,1214.4239590677462
白羊线（453）,Pattern 2,4.52294756926275,72.20519501785186,520.8815054881516,692.7901611328125,0.0,8.605361611755734,0.6080000400543213,254.78378382888187,1214.4239590677462
相化线（321）,Pattern 1,16.56071446955268,54.01374375868636,354.90636433999435,579.0828857421875,2.08081927621353,0.0,0.4320000410079956,356.3296038,1081.1318390221368
相安线（453）,Pattern 1,34.76094361044531,36.48795256717547,234.72695261931472,3304.968017578125,2.07154999578318,0.6789619868456707,0.2640000581741333,433.8606371193604,1005.3848434411344
相思线（451）,Pattern 1,13.29636921263744,62.40976602783024,381.34848069328655,781.91796875,1.08134410672647,0.5109167220310599,0.5440000295639038,356.3296038,1081.1318390221368
相柱线（454）,Pattern 1,9.9780439751676,68.27196616878638,510.92930735238,519.9359741210938,1.86937618945941,0.5128367310985066,0.568000078201294,356.3296038,1081.1318390221368
相鹿线（452）,Pattern 1,10.14656847886168,66.12609881782359,404.58205743807935,557.0448608398438,0.71884826666894,0.0046715886308764,0.568000078201294,356.3296038,1081.1318390221368
立苇一回（451）,Pattern 1,3.14164277422161,89.0915550894233,541.1949469510096,1837.81298828125,0.79142832284035,2.290154391054774,0.7040001153945923,153.36361093188478,1339.083911135138
立苇三回（453）,Pattern 2,2.25063058073304,86.19271445358402,480.4006757894844,2414.437744140625,0.43246925759898,3.1059482135375696,0.6560001373291016,266.5105418474121,1190.9277849006066
立苇二回（452）,Pattern 2,2.91257858344646,83.88044576743981,480.3935605334656,1836.8653564453125,1.86665284123569,3.9279109235337346,0.6720000505447388,266.5105418474121,1190.9277849006066
红沙一回(459),Pattern 1,13.43536787755854,48.71842153789415,192.90193995497887,299.6146545410156,0.0,6.304481232644653,0.3840000629425049,433.8606371193604,1005.3848434411344
红沙二回(461),Pattern 2,3.32323138741137,72.9793799958548,317.58835056563413,406.5472717285156,0.26233328474489,2.9098195943166867,0.5840001106262207,385.2542670250488,1053.0528840103275
罗中线（459）,Pattern 3,1.21209438781962,81.57452135865853,795.3024134613266,187.2135009765625,0.61419874474949,0.1533136735474895,0.7120001316070557,145.42841186594237,1337.6841309254353
罗田线（451）,Pattern 1,2.1871469687715797,72.79977964863538,918.9832544784534,321.14349365234375,1.61773099253248,5.37288611109484,0.6640000343322754,53.14508177111816,1502.7721884504367
罗电线（456),Pattern 3,3.64808859402564,76.5794738041579,818.7071288698247,416.2586059570313,3.42582364714473,5.372152517297123,0.6720000505447388,53.14508177111816,1502.7721884504367
罗铁线（322）,Pattern 1,7.68652791344203,59.8335712675633,769.3757572646062,670.3052368164062,7.645554207916041,5.389058039996555,0.5920001268386841,53.14508177111816,1502.7721884504367
罗马线（458）,Pattern 2,1.8343205098574102,73.94140990258147,945.6356212693088,273.1976623535156,0.92800470831028,4.806677358551405,0.6960000991821289,53.14508177111816,1502.7721884504367
腾高二回（474）,Pattern 1,3.37424672102091,80.56584544487771,514.2796781901219,1283.9534912109375,1.12223660829263,3.674138462776279,0.624000072479248,356.3296038,1081.1318390221368
走中线（454）,Pattern 1,1.60670894081619,84.21584781306171,711.5892865756222,204.5790100097656,0.88935918017331,3.066111207253749,0.6960000991821289,183.29770683105468,1275.3735095357265
走马线（453）,Pattern 1,2.06103104152534,85.9473342450746,842.9954961946726,212.20521545410156,1.4858003712085799,8.192931090585132,0.7120001316070557,160.5565044697754,1310.036488528906
赶场线（452）,Pattern 1,1.3018030674944199,94.06209741123828,479.2821432115695,120.19401550292967,0.28294990183841,6.699131524656699,0.6800000667572021,263.7615083318848,1207.0706719537573
重啤线（466）,Pattern 1,21.19369696969697,64.60557575757576,305.87959026922516,3768.385986328125,4.85028647936035,0.0,0.5600000619888306,266.5105418474121,1190.9277849006066
金管一回（466）,Pattern 1,11.80483464333382,66.49395669583271,377.373835089141,6468.17529296875,0.40259047817113996,2.3503587213180976,0.568000078201294,356.3296038,1081.1318390221368
金管三回（463）,Pattern 1,11.12012987012987,67.75645240835114,380.9082316259603,6875.74169921875,0.0,2.4234833218882317,0.568000078201294,356.3296038,1081.1318390221368
金管二回（465）,Pattern 1,11.09711089794657,67.73700554408441,387.0261636615812,6030.67236328125,1.35780781409149,2.3536479757611204,0.5840001106262207,356.3296038,1081.1318390221368
钢厂三回（456）,Pattern 1,16.998918250656768,59.51939422036779,325.80719189693167,173.69383239746094,0.0,1.91864087794192,0.5200001001358032,331.2817168762939,1121.4898598132309
钢厂二回（455）,Pattern 1,16.81606366014893,60.09165079807409,325.5904816489418,173.69383239746094,0.0,1.9032052986243944,0.5280001163482666,331.2817168762939,1121.4898598132309
长坝线（452）,Pattern 1,4.77337390433027,89.83687333667339,387.0369889559933,285.3937072753906,1.7821032113189998,9.505668287036254,0.6720000505447388,263.7615083318848,1207.0706719537573
长坪线（457）,Pattern 1,7.446887123591351,84.24718270829484,422.4463352777073,251.6032867431641,3.8209984459709503,0.7795481814169879,0.5920001268386841,331.2817168762939,1121.4898598132309
长大线（459）,Pattern 2,3.77838389585181,93.54595806629742,685.5783484733457,130.14889526367188,1.2618326045422399,0.9175644447052284,0.6320000886917114,331.2817168762939,1121.4898598132309
长天线（453）,Pattern 1,20.44510948597441,62.325865666294334,354.36310009895567,366.0173950195313,2.5719984108638303,0.8651292904245442,0.5200001001358032,331.2817168762939,1121.4898598132309
长开线（461）,Pattern 1,4.52557777200727,90.80654375486887,545.1746052069996,162.0552978515625,2.14416245625736,1.1623226085852214,0.6320000886917114,331.2817168762939,1121.4898598132309
长戒线（452）,Pattern 1,17.94499854943428,67.89948079751102,368.15344711953026,419.8182373046875,2.33363587305218,1.162323256580438,0.5520000457763672,331.2817168762939,1121.4898598132309
长楼线（457）,Pattern 2,1.50457288327361,86.86604280595888,455.2965251306493,174.60487365722656,0.45619186548930996,11.493666099842718,0.6720000505447388,171.74321200217284,1316.4082753826497
长永线（455）,Pattern 1,2.64118291768415,87.3243986386448,727.9722159255857,126.82526397705078,0.9874348159797499,1.1420861364450172,0.6320000886917114,214.13074930300291,1278.457567759161
长河线（461）,Pattern 1,7.45755550631965,80.10871973495057,433.9680446271616,2178.705322265625,1.87618656434385,0.0,0.6480001211166382,266.5105418474121,1190.9277849006066
长流线（454）,Pattern 2,23.10391428157729,58.036102128481105,338.790655031627,607.4901123046875,2.89687961664325,0.7029696089834456,0.4960000514984131,331.2817168762939,1121.4898598132309
长消线（456）,Pattern 2,2.54893156886552,93.12287954345591,526.061198920935,197.38394165039065,1.02914405408012,10.457614299082817,0.6880000829696655,263.7615083318848,1207.0706719537573
长滩线（459）,Pattern 2,9.50837044419493,79.82136324069285,337.57084426342675,465.15234375,4.90352470032808,12.91838965620538,0.6160000562667847,263.7615083318848,1207.0706719537573
长玉线（462）,Pattern 2,4.09109009675259,79.45965578655792,356.08254809931566,311.02490234375,1.69711254915964,12.23416739179863,0.6320000886917114,263.7615083318848,1207.0706719537573
长电线（456）,Pattern 1,3.84148904232963,93.33653557490244,690.2616903781355,131.5303192138672,1.48220591967804,1.1436823059250605,0.6320000886917114,331.2817168762939,1121.4898598132309
长茨线（458）,Pattern 2,3.7899592234625503,88.70462173718353,449.2184861229741,320.7381896972656,2.14818078948858,10.902479181269188,0.6800000667572021,263.7615083318848,1207.0706719537573
长衡线（458）,Pattern 1,7.45755550631965,80.10871973495057,433.9680446271616,2178.705322265625,1.87618656434385,0.0,0.6480001211166382,266.5105418474121,1190.9277849006066
长高二回（453）,Pattern 1,5.1733018742522905,88.96093646151802,446.54461552416154,698.4984741210938,1.7487361815276499,7.548129476683288,0.6480001211166382,263.7615083318848,1207.0706719537573
龙代线（451）,Pattern 1,2.01519975913947,79.50112675285338,348.6717224222112,134.58326721191406,0.0,19.530047654126545,0.6000000238418579,96.25185275041504,1399.0629674797767
龙医一回（458）,Pattern 2,12.75604650881417,59.27030525946449,399.7069496634596,1728.927490234375,0.97680832989932,0.715533696670951,0.4880000352859497,356.3296038,1081.1318390221368
龙医二回（469）,Pattern 2,12.56913897478332,59.52764625731831,400.55833297931093,1774.3935546875,1.00469816106979,0.8715743029339147,0.4880000352859497,356.3296038,1081.1318390221368
龙恒线（456）,Pattern 3,2.48472586107449,78.79014716332254,942.1348449980223,230.3763732910156,0.7936319543511299,0.657753018810654,0.7200000286102295,105.88485138964845,1419.7475069113898
龙新线（452）,Pattern 3,1.72230828904025,81.60339029089562,337.6741358715705,201.0927734375,0.8136209843683999,19.534149462346917,0.6000000238418579,284.8791541297119,1157.4552999392804
龙梨线（458）,Pattern 1,2.00929122005657,86.40720458851314,714.4443644655007,190.5340576171875,1.0680945540206999,0.4762089404205762,0.7200000286102295,105.88485138964845,1419.7475069113898
龙渝线（467）,Pattern 2,11.341228435890791,67.06930938510598,377.3238212634823,7117.17822265625,0.0,2.564961041963989,0.5440000295639038,356.3296038,1081.1318390221368
龙燕线（453）,Pattern 3,1.85694174431856,81.71255094516187,429.8738627464476,143.46286010742188,0.06233633009479,12.056153513910346,0.6160000562667847,284.8791541297119,1157.4552999392804
龙电一回（478）,Pattern 1,10.48861934571702,63.061940152734245,388.8847374165546,1493.240234375,0.75058431311628,0.0384779235460923,0.5280001163482666,356.3296038,1081.1318390221368
龙电二回（479）,Pattern 1,10.44393656070365,63.15349631784288,388.2003955506847,1464.1556396484375,0.74505909033507,0.0327653045547224,0.5280001163482666,356.3296038,1081.1318390221368
龙电线（457）,Pattern 1,1.02765677899109,90.05871545628507,524.1492608205189,100.03075408935548,0.0,10.188198372790502,0.6960000991821289,224.44323876293947,1238.524110927536
龙相一回（451）,Pattern 1,13.618388269844461,59.137413725469415,351.2618806143147,668.8956909179688,1.7134180647769999,0.0449276767050231,0.4880000352859497,356.3296038,1081.1318390221368
龙相三回（454）,Pattern 2,13.618388269844461,59.137413725469415,351.2618806143147,668.8956909179688,1.7134180647769999,0.0449276767050231,0.4880000352859497,356.3296038,1081.1318390221368
龙相二回（472）,Pattern 1,12.37921710392417,63.13468564948973,348.2042701894185,510.3874206542969,1.5657081539690703,0.0336721356691425,0.5280001163482666,356.3296038,1081.1318390221368
龙相四回（471）,Pattern 1,13.618388269844461,59.137413725469415,351.2618806143147,668.8956909179688,1.7134180647769999,0.0449276767050231,0.4880000352859497,356.3296038,1081.1318390221368
龙石一回（452）,Pattern 2,9.36357885858869,68.41263705369694,420.5633570817442,4743.6943359375,1.53627897895612,1.9057785964282208,0.5840001106262207,356.3296038,1081.1318390221368
龙石二回（473）,Pattern 2,12.97722900037861,63.22873766603049,380.07077721957194,5158.6455078125,2.02804765992422,1.7350339661917633,0.5440000295639038,356.3296038,1081.1318390221368
龙腾一回（477),Pattern 1,19.34124882317482,57.868642604119394,346.23896259997224,5590.77490234375,1.7768390933477902,1.0944805354724958,0.5120000839233398,411.0063574223633,995.0432126871012
龙腾三回（476）,Pattern 1,19.34124882317482,57.868642604119394,346.23896259997224,5590.77490234375,1.7768390933477902,1.0944805354724958,0.5120000839233398,411.0063574223633,995.0432126871012
龙腾二回（462）,Pattern 1,12.1617510278944,66.72056049582324,377.6580856596649,5859.23095703125,0.01930973798025,2.130949432077153,0.568000078201294,356.3296038,1081.1318390221368
龙腾五回（459）,Pattern 1,19.34124882317482,57.868642604119394,346.23896259997224,5590.77490234375,1.7768390933477902,1.0944805354724958,0.5120000839233398,411.0063574223633,995.0432126871012
龙腾四回（461）,Pattern 1,19.34124882317482,57.868642604119394,346.23896259997224,5590.77490234375,1.7768390933477902,1.0944805354724958,0.5120000839233398,411.0063574223633,995.0432126871012
龙驹二回（461）,Pattern 2,2.09350163089973,91.11284971478773,571.3676535768105,162.86929321289062,0.9903077389416,2.37489807186117,0.7040001153945923,242.19443560383303,1231.4120264246892
龙驹线（453）,Pattern 1,2.66068432946526,90.44974975391312,729.788305374251,253.0625915527344,1.7107617458929798,2.086880735759024,0.7360000610351562,91.64486152753906,1439.0067511808425
龙高线（454）,Pattern 1,2.23453126453405,88.54048831424464,479.53884912207104,104.59847259521484,0.0,19.51895053442001,0.624000072479248,96.25185275041504,1399.0629674797767
